name,party,dim1_imp,dim1_dc
Albrecht Glaser,AfD,0.01053383658589383,0.034442139255319616
Alexander Gauland,AfD,0.009714453092598432,0.028446430012765735
Alice Weidel,AfD,0.012561286779756597,0.0289492026128595
Andreas Bleck,AfD,0.010953127619702397,0.03442451978930367
Barbara Benkstein,AfD,0.010800573145973272,0.027959127821554092
Beatrix von Storch,AfD,0.010725210944776107,0.03560808967296956
Bernd Baumann,AfD,0.010278929390223549,0.032066170123574836
Bernd Schattner,AfD,0.009499266178879213,0.031440505999920564
Carolin Bachmann,AfD,0.008362888983735606,0.02564291463796238
Christian Wirth,AfD,0.010152721709932585,0.033030716155612865
Christina Baum,AfD,0.007336275001488273,0.02526871771165643
Corinna Miazga,AfD,0.016488798161367783,4.114719237825791e-4
Dietmar Friedhoff,AfD,0.013462272131722915,0.02596190481480435
Dirk Brandes,AfD,0.010934648145709438,0.03342596794864839
Dirk Spaniel,AfD,0.010499306922157867,0.032244311270042195
Edgar Naujok,AfD,0.007822023811702853,0.022655489080144642
Enrico Komning,AfD,0.011388042411147638,0.030277497760933976
Eugen Schmidt,AfD,0.010897574883899612,0.030208675728983374
Fabian Jacobi,AfD,0.009793831681681681,0.03476801454853657
Frank Rinck,AfD,0.010009015926538325,0.03178088085615885
Gereon Bollmann,AfD,0.011086381520827462,0.031540339615089244
Gerold Otten,AfD,0.011085039998896198,0.028398855644528
Gerrit Huy,AfD,0.010207560847797,0.03435984992726531
Gottfried Curio,AfD,0.01024918549795702,0.031525959573091136
Götz Frömming,AfD,0.01043971594433439,0.03498594036594646
Hannes Gnauck,AfD,0.010640616844054188,0.034681948056925545
Harald Weyel,AfD,0.010224715761907848,0.027381742612891186
Jan Ralf Nolte,AfD,0.01190744958397728,0.034765222298183025
Jan Wenzel Schmidt,AfD,0.009587792712816382,0.027008285168051337
Joachim Wundrak,AfD,0.014027536919783702,0.03436448598160077
Jochen Haug,AfD,0.010128823313883015,0.025894288267397106
Jörg Schneider,AfD,0.010687410869435775,0.027820754228009434
Jörn König,AfD,0.011230636924309352,0.032783305275099525
Jürgen Braun,AfD,0.010944144570070017,0.03521281032666451
Jürgen Pohl,AfD,0.012596022387571083,0.02234834126980612
Karsten Hilse,AfD,0.007983416211087406,0.03208876615669243
Kay Gottschalk,AfD,0.009799457277715347,0.031006125737071295
Kay-Uwe Ziegler,AfD,0.008404423114214726,0.028339552808738736
Klaus Stöber,AfD,0.012368881352365128,0.02578795460578388
Leif-Erik Holm,AfD,0.011712881672157772,0.03199606324068747
Malte Kaufmann,AfD,0.010459881399458908,0.026063486242364313
Manfred Schiller,AfD,0.020979767561435082,0.004200554769656587
Marc Bernhard,AfD,0.009423637375248215,0.03219473011103212
Marc Jongen,AfD,0.011220620012141807,0.0196528454083324
Marcus Bühl,AfD,0.007442132207097446,0.03491994049800819
Mariana Harder-Kühnel,AfD,0.0124071905871224,0.018758406136516016
Markus Frohnmaier,AfD,0.011367189319769731,0.028146400089460625
Martin Erwin Renner,AfD,0.012673281010588663,0.022446820849785956
Martin Hess,AfD,0.012032531278288187,0.02689304319198384
Martin Reichardt,AfD,0.012471753199647488,0.026730352514426695
Martin Sichert,AfD,0.008874989834767429,0.030577319894772716
Matthias Moosdorf,AfD,0.01322652323976218,0.027485815259182374
Michael Espendiller,AfD,0.009513059360790962,0.03318756853029748
Michael Kaufmann,AfD,0.008126961771611511,0.03239764674229481
Mike Moncsek,AfD,0.00920702888035379,0.03193554303081748
Nicole Höchst,AfD,0.011476966138216735,0.030191232461696672
Norbert Kleinwächter,AfD,0.012141124416414916,0.03294418312592109
Peter Boehringer,AfD,0.009483077536429898,0.03216158480520438
Peter Felser,AfD,0.011799036986235495,0.03416049421758532
Petr Bystron,AfD,0.009041002734383553,0.015882393337617224
Rainer Kraft,AfD,0.010773856070030513,0.03974932647178437
Rainer Rothfuß,AfD,0.011709512266791976,0.021692421331454867
René Bochmann,AfD,0.008976817887424231,0.03439406475067847
René Springer,AfD,0.009034825017384188,0.022594365153785982
Roger Beckamp,AfD,0.013153111151954035,0.0281945427993244
Rüdiger Lucassen,AfD,0.010543861818058485,0.02793073859051731
Sebastian Münzenmaier,AfD,0.010972626701323434,0.03199230220986699
Stefan Keuter,AfD,0.010892875648891449,0.03227541157355278
Steffen Janich,AfD,0.0068101962613438,0.031413162939424553
Steffen Kotré,AfD,0.011716664447363637,0.03200925797141966
Stephan Brandner,AfD,0.008566797360685878,0.03247306262440036
Stephan Protschka,AfD,0.012016391019095797,0.031194170490156905
Thomas Dietz,AfD,0.010921184919158061,0.030588849915086702
Thomas Ehrhorn,AfD,0.010987870187595236,0.033012341268701194
Thomas Seitz,AfD,0.008717363273905427,0.028090137878996353
Tino Chrupalla,AfD,0.010123455956444531,0.030405248723393806
Tobias Matthias Peterka,AfD,0.008964973843945689,0.032857237624975805
Ulrike Schielke-Ziesing,AfD,0.008822666510871028,0.0311705644408481
Uwe Schulz,AfD,0.013236442675776568,0.015919337215575775
Volker Münz,AfD,0.0209797675614351,0.004200554769656578
Wolfgang Wiehle,AfD,0.009414253431285177,0.034765919283626774
Agnieszka Brugger,BÜNDNIS 90/DIE GRÜNEN,0.042997942546216354,-0.03129808310150801
Andreas Audretsch,BÜNDNIS 90/DIE GRÜNEN,0.04311573232313577,-0.03336231944272081
Anja Liebert,BÜNDNIS 90/DIE GRÜNEN,0.04312214679098734,-0.035397505173140706
Anja Reinalter,BÜNDNIS 90/DIE GRÜNEN,0.04314457455683687,-0.03399494265778177
Anna Christmann,BÜNDNIS 90/DIE GRÜNEN,0.04278394640473421,-0.031583494994930045
Anna Lührmann,BÜNDNIS 90/DIE GRÜNEN,0.04218084960885494,-0.03157673061858998
Annalena Baerbock,BÜNDNIS 90/DIE GRÜNEN,0.042634775912242226,-0.01845171205500126
Anne-Monika Spallek,BÜNDNIS 90/DIE GRÜNEN,0.04333333249636587,-0.029260486634738965
Anton Hofreiter,BÜNDNIS 90/DIE GRÜNEN,0.04305287183878033,-0.030320026083800116
Armin Grau,BÜNDNIS 90/DIE GRÜNEN,0.043024530014692954,-0.03285344493051353
Awet Tesfaiesus,BÜNDNIS 90/DIE GRÜNEN,0.04253642796280008,-0.03174033528744819
Beate Müller-Gemmeke,BÜNDNIS 90/DIE GRÜNEN,0.04186693214719554,-0.03269398804330016
Beate Walter-Rosenheimer,BÜNDNIS 90/DIE GRÜNEN,0.04180756063390464,-0.023287482904556584
Bernhard Herrmann,BÜNDNIS 90/DIE GRÜNEN,0.04282501468045018,-0.03273185279991072
Bettina Hoffmann,BÜNDNIS 90/DIE GRÜNEN,0.042889532270902156,-0.03341387481099743
Boris Mijatović,BÜNDNIS 90/DIE GRÜNEN,0.04321194981056402,-0.03284448515832902
Britta Haßelmann,BÜNDNIS 90/DIE GRÜNEN,0.04314327394429654,-0.03524673244512128
Bruno Hönel,BÜNDNIS 90/DIE GRÜNEN,0.04274852220520158,-0.03381699009841457
Canan Bayram,BÜNDNIS 90/DIE GRÜNEN,0.025948448245649958,-0.027600428426121808
Cem Özdemir,BÜNDNIS 90/DIE GRÜNEN,0.04339175562357525,-0.02720912803786453
Chantal Kopf,BÜNDNIS 90/DIE GRÜNEN,0.042308575820489275,-0.03205497994552706
Christian Kühn,BÜNDNIS 90/DIE GRÜNEN,0.04236906318443676,-0.02561519011726479
Christina-Johanne Schröder,BÜNDNIS 90/DIE GRÜNEN,0.04239937644087553,-0.027745173274020075
Claudia Müller,BÜNDNIS 90/DIE GRÜNEN,0.042647100172199325,-0.027455734545680305
Claudia Roth,BÜNDNIS 90/DIE GRÜNEN,0.041585928888085134,-0.028504020320770932
Corinna Rüffer,BÜNDNIS 90/DIE GRÜNEN,0.04089162421825516,-0.029982794899417464
Deborah Düring,BÜNDNIS 90/DIE GRÜNEN,0.042831066778163736,-0.035424518097209
Denise Loop,BÜNDNIS 90/DIE GRÜNEN,0.042673303811303284,-0.028543466215598206
Dieter Janecek,BÜNDNIS 90/DIE GRÜNEN,0.04307327858828789,-0.03436433727844929
Ekin Deligöz,BÜNDNIS 90/DIE GRÜNEN,0.04233793672185225,-0.023369051465312308
Emilia Fester,BÜNDNIS 90/DIE GRÜNEN,0.04274052213101613,-0.03317304547604104
Erhard Grundl,BÜNDNIS 90/DIE GRÜNEN,0.0417528581365349,-0.03131472726429604
Felix Banaszak,BÜNDNIS 90/DIE GRÜNEN,0.0423682278421636,-0.03185481277207739
Filiz Polat,BÜNDNIS 90/DIE GRÜNEN,0.04217291452719259,-0.0317111910067002
Frank Bsirske,BÜNDNIS 90/DIE GRÜNEN,0.04243684618311159,-0.0277244148573839
Franziska Brantner,BÜNDNIS 90/DIE GRÜNEN,0.04319866143984676,-0.030982923924431638
Franziska Krumwiede-Steiner,BÜNDNIS 90/DIE GRÜNEN,0.04229392805222421,-0.007068236979226281
Hanna Steinmüller,BÜNDNIS 90/DIE GRÜNEN,0.043214571470682514,-0.03533801020894857
Harald Ebner,BÜNDNIS 90/DIE GRÜNEN,0.04318804023377359,-0.030166416059974426
Helge Limburg,BÜNDNIS 90/DIE GRÜNEN,0.04285880534155434,-0.03219636582135046
Ingrid Nestle,BÜNDNIS 90/DIE GRÜNEN,0.0431755481432203,-0.03138182554436047
Irene Mihalic,BÜNDNIS 90/DIE GRÜNEN,0.043084480202110045,-0.03529087710432946
Jamila Anna Schäfer,BÜNDNIS 90/DIE GRÜNEN,0.04321871411655691,-0.030656452871505684
Jan-Niclas Gesenhues,BÜNDNIS 90/DIE GRÜNEN,0.04270757982291242,-0.033017242446040235
Janosch Dahmen,BÜNDNIS 90/DIE GRÜNEN,0.04267857137523673,-0.03187828797131717
Johannes F. Kretschmann,BÜNDNIS 90/DIE GRÜNEN,0.03595458348980966,-0.0020396279573502755
Johannes Wagner,BÜNDNIS 90/DIE GRÜNEN,0.04305340344108581,-0.03365259624216818
Julia Verlinden,BÜNDNIS 90/DIE GRÜNEN,0.04276907005787408,-0.03406617653986903
Julian Pahlke,BÜNDNIS 90/DIE GRÜNEN,0.04184671149823169,-0.030819767548914814
Jürgen Kretz,BÜNDNIS 90/DIE GRÜNEN,0.042339917763140965,-0.008411939633712045
Jürgen Trittin,BÜNDNIS 90/DIE GRÜNEN,0.04073849657372703,-0.021802628324215177
Kai Gehring,BÜNDNIS 90/DIE GRÜNEN,0.043101296829775676,-0.03515854160586974
Karl Bär,BÜNDNIS 90/DIE GRÜNEN,0.042254520690271226,-0.03376343806022484
Karoline Otte,BÜNDNIS 90/DIE GRÜNEN,0.042428156996006466,-0.0315771674353061
Kassem Taher Saleh,BÜNDNIS 90/DIE GRÜNEN,0.043215105582736134,-0.034507172528591444
Katharina Beck,BÜNDNIS 90/DIE GRÜNEN,0.04304898162197117,-0.03276273136236858
Katharina Dröge,BÜNDNIS 90/DIE GRÜNEN,0.04322386212033553,-0.03506375354027507
Kathrin Henneberger,BÜNDNIS 90/DIE GRÜNEN,0.04064278135039393,-0.02930424716974792
Katja Keul,BÜNDNIS 90/DIE GRÜNEN,0.04288564255202374,-0.0325316020041196
Katrin Göring-Eckardt,BÜNDNIS 90/DIE GRÜNEN,0.04305338730905695,-0.03147865324501067
Katrin Uhlig,BÜNDNIS 90/DIE GRÜNEN,0.04323286527342545,-0.034314834269253296
Kirsten Kappert-Gonther,BÜNDNIS 90/DIE GRÜNEN,0.04314854495359333,-0.032890264392072245
Konstantin von Notz,BÜNDNIS 90/DIE GRÜNEN,0.04311373026808282,-0.03307278617717594
Kordula Schulz-Asche,BÜNDNIS 90/DIE GRÜNEN,0.043410828863751395,-0.03339347287730762
Lamya Kaddor,BÜNDNIS 90/DIE GRÜNEN,0.043217184269753524,-0.03112278168295318
Laura Kraft,BÜNDNIS 90/DIE GRÜNEN,0.04328903130126823,-0.032440012535958
Leon Eckert,BÜNDNIS 90/DIE GRÜNEN,0.043219049187302475,-0.034306197106077886
Linda Heitmann,BÜNDNIS 90/DIE GRÜNEN,0.043138492817083735,-0.03513640460061754
Lisa Badum,BÜNDNIS 90/DIE GRÜNEN,0.042908506007531794,-0.030123139704257566
Lisa Paus,BÜNDNIS 90/DIE GRÜNEN,0.043239392124714886,-0.02847326776689501
Luise Amtsberg,BÜNDNIS 90/DIE GRÜNEN,0.04375208712158593,-0.024469279203248658
Lukas Benner,BÜNDNIS 90/DIE GRÜNEN,0.04327752442617194,-0.034364373721170384
Maik Außendorf,BÜNDNIS 90/DIE GRÜNEN,0.043126855460195665,-0.035397354851850624
Manuela Rottmann,BÜNDNIS 90/DIE GRÜNEN,0.04316506917441769,-0.03212173992005586
Marcel Emmerich,BÜNDNIS 90/DIE GRÜNEN,0.043071016445688386,-0.03523086097943661
Maria Klein-Schmeink,BÜNDNIS 90/DIE GRÜNEN,0.04345745221390019,-0.030308394319110633
Markus Kurth,BÜNDNIS 90/DIE GRÜNEN,0.04295339345151815,-0.028508507669788002
Marlene Schönberger,BÜNDNIS 90/DIE GRÜNEN,0.04258014326955631,-0.03433119879161673
Matthias Gastel,BÜNDNIS 90/DIE GRÜNEN,0.043126855460195665,-0.03539735485185062
Max Lucks,BÜNDNIS 90/DIE GRÜNEN,0.04249216388341305,-0.03154670271339037
Melis Sekmen,BÜNDNIS 90/DIE GRÜNEN,0.04241486445975826,-0.02414721136710472
Merle Spellerberg,BÜNDNIS 90/DIE GRÜNEN,0.04308374861439657,-0.03254107199753429
Michael Kellner,BÜNDNIS 90/DIE GRÜNEN,0.042248370245700585,-0.031137765159395404
Michael Sacher,BÜNDNIS 90/DIE GRÜNEN,0.04267274064707353,-0.027468981858908476
Misbah Khan,BÜNDNIS 90/DIE GRÜNEN,0.04312374793468906,-0.035312421387322275
Niklas Wagener,BÜNDNIS 90/DIE GRÜNEN,0.04320860784992003,-0.03441240764404551
Nina Stahr,BÜNDNIS 90/DIE GRÜNEN,0.042825020321697695,-0.028156495781231226
Nyke Slawik,BÜNDNIS 90/DIE GRÜNEN,0.04266608563808546,-0.028618446304931752
Oliver Krischer,BÜNDNIS 90/DIE GRÜNEN,0.03767383022728253,-0.005405271892328555
Omid Nouripour,BÜNDNIS 90/DIE GRÜNEN,0.042846039669126215,-0.030781523230939252
Ophelia Nick,BÜNDNIS 90/DIE GRÜNEN,0.042748095968552835,-0.03329215352555033
Ottmar von Holtz,BÜNDNIS 90/DIE GRÜNEN,0.04165680507039436,-0.009422143649918667
Paula Piechotta,BÜNDNIS 90/DIE GRÜNEN,0.04304252832232672,-0.03365692956929622
Philip Krämer,BÜNDNIS 90/DIE GRÜNEN,0.04320045601090442,-0.030397065341099823
Renate Künast,BÜNDNIS 90/DIE GRÜNEN,0.043122319505812544,-0.035397351645217665
Ricarda Lang,BÜNDNIS 90/DIE GRÜNEN,0.0431244515982317,-0.027845499159082916
Robert Habeck,BÜNDNIS 90/DIE GRÜNEN,0.04296089252226279,-0.03317481631724203
Robin Wagener,BÜNDNIS 90/DIE GRÜNEN,0.042295804378753424,-0.029537539399738324
Sabine Grützmacher,BÜNDNIS 90/DIE GRÜNEN,0.0402154020716767,-0.022467268946261165
Sandra Detzer,BÜNDNIS 90/DIE GRÜNEN,0.04311588413388431,-0.034460319864591644
Sara Nanni,BÜNDNIS 90/DIE GRÜNEN,0.04323447935373695,-0.033462173266096074
Sascha Müller,BÜNDNIS 90/DIE GRÜNEN,0.0431147375089829,-0.035399145606594073
Saskia Weishaupt,BÜNDNIS 90/DIE GRÜNEN,0.042744318858840856,-0.0313768194439942
Schahina Gambir,BÜNDNIS 90/DIE GRÜNEN,0.04257142604875825,-0.031328729887634924
Sebastian Schäfer,BÜNDNIS 90/DIE GRÜNEN,0.043226745664433144,-0.033255061281993674
Stefan Gelbhaar,BÜNDNIS 90/DIE GRÜNEN,0.042748101315957535,-0.03315097209641593
Stefan Schmidt,BÜNDNIS 90/DIE GRÜNEN,0.04309833228966592,-0.03536202845303954
Stefan Wenzel,BÜNDNIS 90/DIE GRÜNEN,0.04240546690103844,-0.030440813362151216
Steffi Lemke,BÜNDNIS 90/DIE GRÜNEN,0.041657185114919254,-0.02027411638960991
Stephanie Aeffner,BÜNDNIS 90/DIE GRÜNEN,0.04183452505021811,-0.02808351333914138
Susanne Menge,BÜNDNIS 90/DIE GRÜNEN,0.043078937919164555,-0.032066448436178646
Sven Lehmann,BÜNDNIS 90/DIE GRÜNEN,0.042618847513106954,-0.030875183748732743
Sven-Christian Kindler,BÜNDNIS 90/DIE GRÜNEN,0.04273947476890412,-0.02536002937981899
Swantje Michaelsen,BÜNDNIS 90/DIE GRÜNEN,0.04252462173993284,-0.032037555788985386
Tabea Rößner,BÜNDNIS 90/DIE GRÜNEN,0.04255494557711574,-0.03315830088311059
Tessa Ganserer,BÜNDNIS 90/DIE GRÜNEN,0.042735864085716245,-0.02228978603328279
Till Steffen,BÜNDNIS 90/DIE GRÜNEN,0.04322407725206181,-0.033204742698075225
Tina Winklmann,BÜNDNIS 90/DIE GRÜNEN,0.04280712221816963,-0.033365011001988916
Tobias B. Bacherle,BÜNDNIS 90/DIE GRÜNEN,0.043089022855585454,-0.03350475154247618
Tobias Lindner,BÜNDNIS 90/DIE GRÜNEN,0.0428929917804777,-0.028268556890711016
Ulle Schauws,BÜNDNIS 90/DIE GRÜNEN,0.042333723416400376,-0.024457533447919268
Uwe Kekeritz,BÜNDNIS 90/DIE GRÜNEN,0.03270061877200554,-0.0017369548276746016
Wolfgang Strengmann-Kuhn,BÜNDNIS 90/DIE GRÜNEN,0.041638746634051003,-0.030267237789667393
Zoe Mayer,BÜNDNIS 90/DIE GRÜNEN,0.042784878238925954,-0.03093079034714878
Albert Rupprecht,CDU/CSU,0.028992824758857758,0.05485066821141118
Albert Stegemann,CDU/CSU,0.029805621682585253,0.05257118519356756
Alexander Dobrindt,CDU/CSU,0.029273649672252718,0.054659391104841845
Alexander Engelhard,CDU/CSU,0.03223068279907825,0.04407737610949644
Alexander Föhr,CDU/CSU,0.03205283092965989,0.03212577584575578
Alexander Hoffmann,CDU/CSU,0.029221027076711373,0.056535420445939635
Alexander Radwan,CDU/CSU,0.029697669588103624,0.05618014172371507
Alexander Throm,CDU/CSU,0.030038926572360555,0.055185098782996544
Alois Rainer,CDU/CSU,0.029090941039014995,0.05677165116252601
Andrea Lindholz,CDU/CSU,0.029051902567907458,0.051009025988109837
Andreas Jung,CDU/CSU,0.029841811575592153,0.051821829753748265
Andreas Lenz,CDU/CSU,0.029381753794200476,0.053835725216532675
Andreas Mattfeldt,CDU/CSU,0.030279118594321277,0.04064924242349926
Andreas Scheuer,CDU/CSU,0.028950110035249835,0.03736294397482
André Berghegger,CDU/CSU,0.029508271189012995,0.03948416326587969
Anja Karliczek,CDU/CSU,0.0300014768153622,0.05455417848730155
Anja Weisgerber,CDU/CSU,0.030044652190136634,0.05405818876879057
Anne Janssen,CDU/CSU,0.028964942224028983,0.055381627820708525
Anne König,CDU/CSU,0.030229895259555953,0.04386931471499276
Annette Widmann-Mauz,CDU/CSU,0.03023174211890414,0.049005454841260426
Ansgar Heveling,CDU/CSU,0.02917684034009752,0.05548444022584352
Antje Tillmann,CDU/CSU,0.029686636350216525,0.051831776943048906
Armin Laschet,CDU/CSU,0.029476809350434098,0.044531192180961715
Armin Schwarz,CDU/CSU,0.02962131647372333,0.034701642016851685
Artur Auernhammer,CDU/CSU,0.03091187667562253,0.04877364802491673
Astrid Damerow,CDU/CSU,0.03073664415479032,0.0447389824013191
Astrid Mannes,CDU/CSU,0.034023839418625225,0.014601446450957307
Astrid Timmermann-Fechter,CDU/CSU,0.029906418871116853,0.042356836879484515
Axel Knoerig,CDU/CSU,0.03001462598670275,0.050036297646881917
Axel Müller,CDU/CSU,0.029365667698574086,0.05819294429253024
Bernhard Loos,CDU/CSU,0.029263098430705004,0.05477879063048193
Bettina Wiesmann,CDU/CSU,0.035222746399157734,0.01329929021053648
Björn Simon,CDU/CSU,0.030489294542344562,0.052173626496124
Carsten Brodesser,CDU/CSU,0.028953362117742357,0.057957945214118366
Carsten Körber,CDU/CSU,0.02883575691644144,0.04700448868188218
Carsten Linnemann,CDU/CSU,0.028746318920712752,0.05454344281022125
Carsten Müller,CDU/CSU,0.028899459883760303,0.05690819626073374
Catarina dos Santos-Wintz,CDU/CSU,0.02903116291501679,0.05578136930508049
Christian Haase,CDU/CSU,0.029512975557980648,0.05149717833136037
Christian Hirte,CDU/CSU,0.029025812633852257,0.056492638012361644
Christian von Stetten,CDU/CSU,0.029540714609344883,0.056512311719569934
Christiane Schenderlein,CDU/CSU,0.02948594989573939,0.05370266882221647
Christina Stumpp,CDU/CSU,0.030274530725582297,0.04548858614921841
Christoph Ploß,CDU/CSU,0.02907091815295287,0.05849130461158194
Christoph de Vries,CDU/CSU,0.029535185800566983,0.05535040280606725
Daniela Ludwig,CDU/CSU,0.029037336605263732,0.05326792848616277
Detlef Seif,CDU/CSU,0.029169497710506365,0.0556904746917544
Diana Stöcker,CDU/CSU,0.030090016004984524,0.04237247874660838
Dieter Stier,CDU/CSU,0.028473136445980454,0.0540032214906912
Dietrich Monstadt,CDU/CSU,0.029031602236812788,0.05662673275495559
Dorothee Bär,CDU/CSU,0.028750785014306217,0.05192753276135894
Elisabeth Winkelmeier-Becker,CDU/CSU,0.027771342117402675,0.05138337214236631
Emmi Zeulner,CDU/CSU,0.029779130860189112,0.05260010237600348
Enak Ferlemann,CDU/CSU,0.029643538543418828,0.052523773666065164
Erich Irlstorfer,CDU/CSU,0.03084201025147517,0.03362843514181092
Erwin Rüddel,CDU/CSU,0.02905559661643497,0.055700849308712365
Fabian Gramling,CDU/CSU,0.030110764130807998,0.05237620015619221
Felix Schreiner,CDU/CSU,0.029038087980064527,0.05486447889153815
Florian Hahn,CDU/CSU,0.030871620224069023,0.051599329372423175
Florian Müller,CDU/CSU,0.0291753277404011,0.05195195697801335
Florian Oßner,CDU/CSU,0.02964058121669335,0.05677595077340102
Franziska Hoppermann,CDU/CSU,0.028624004871168514,0.056971062238122275
Friedrich Merz,CDU/CSU,0.02800464204209994,0.056097516376665234
Fritz Güntzler,CDU/CSU,0.029304165724094732,0.05291755719886042
Georg Kippels,CDU/CSU,0.02906152911032611,0.05523504162581783
Gero Storjohann,CDU/CSU,0.030267783343652422,0.004374515522619218
Gitta Connemann,CDU/CSU,0.029331199227068644,0.05132983951811697
Gunther Krichbaum,CDU/CSU,0.030195384698951444,0.05297213937966614
Günter Krings,CDU/CSU,0.03013128798575361,0.05037507465270501
Hans-Jürgen Thies,CDU/CSU,0.028017715461494144,0.05434824665464359
Hans-Peter Friedrich,CDU/CSU,0.030588370836634363,0.039165590012062455
Hansjörg Durz,CDU/CSU,0.0289706789570823,0.05785190472678431
Heike Brehmer,CDU/CSU,0.02945181519741312,0.03657080608830932
Helge Braun,CDU/CSU,0.02943500201684038,0.052325425052920975
Hendrik Hoppenstedt,CDU/CSU,0.03054398996854844,0.046336301378503655
Henning Otte,CDU/CSU,0.030228775199698688,0.05072893339583237
Henning Rehbaum,CDU/CSU,0.029436846501795816,0.052558583142630566
Hermann Färber,CDU/CSU,0.028899884162209306,0.051514340019229166
Hermann Gröhe,CDU/CSU,0.02953861313975283,0.05571429850182879
Hermann-Josef Tebroke,CDU/CSU,0.029231571200469583,0.056556012414388186
Hubert Hüppe,CDU/CSU,0.029096718335480293,0.05342183328546129
Inge Gräßle,CDU/CSU,0.028561937735724158,0.04974176637474659
Ingmar Jung,CDU/CSU,0.028819951927561704,0.03450319002115472
Ingo Gädechens,CDU/CSU,0.03004782375632013,0.05417827078959233
Ingo Wellenreuther,CDU/CSU,0.0480115005633042,0.002318210922435151
Ingrid Pahlmann,CDU/CSU,0.03431890460473047,0.017237873098775447
Jan Metzler,CDU/CSU,0.029117407671930755,0.058015087153437055
Jan-Marco Luczak,CDU/CSU,0.031611167739843044,0.044001546090601286
Jana Schimke,CDU/CSU,0.029640989594392007,0.03873471156519219
Jens Koeppen,CDU/CSU,0.019434573397084324,0.026377378473898656
Jens Lehmann,CDU/CSU,0.02984236651438855,0.054719817377978486
Jens Spahn,CDU/CSU,0.028070893465797938,0.0497467175986819
Johann Wadephul,CDU/CSU,0.029043137594867343,0.04916134940619522
Johannes Steiniger,CDU/CSU,0.02994292492306348,0.05590316939307819
Jonas Geissler,CDU/CSU,0.030790018332801327,0.05069715270474312
Josef Oster,CDU/CSU,0.030074895436991215,0.05131724393910848
Josef Rief,CDU/CSU,0.02967345280251441,0.05481490650529329
Julia Klöckner,CDU/CSU,0.029832313033843132,0.05159439892109307
Jürgen Hardt,CDU/CSU,0.030970223621195926,0.05174499579053
Kai Whittaker,CDU/CSU,0.030214141078563767,0.050558684605288166
Katja Leikert,CDU/CSU,0.02964930607250934,0.052010526722406324
Katrin Staffler,CDU/CSU,0.030117564303982308,0.04331133521231347
Kerstin Radomski,CDU/CSU,0.02823300592128742,0.051462915012165586
Kerstin Vieregge,CDU/CSU,0.030362172859861918,0.05037721102529545
Klaus Mack,CDU/CSU,0.029450804987066752,0.05587578290313433
Klaus Wiener,CDU/CSU,0.02869932627880554,0.055671086741463836
Klaus-Peter Willsch,CDU/CSU,0.02966860061161276,0.04549235853216488
Knut Abraham,CDU/CSU,0.029332550332813383,0.0582357894760521
Lars Rohwer,CDU/CSU,0.02856601203613723,0.05722867177013292
Manfred Grund,CDU/CSU,0.030871627025937647,0.038108474494797845
Marc Biadacz,CDU/CSU,0.029009154636725716,0.056759741083255204
Marc Henrichmann,CDU/CSU,0.0295077755647765,0.056691149497230316
Marco Wanderwitz,CDU/CSU,0.02802330942450949,0.046040951744346914
Mareike Lotte Wulf,CDU/CSU,0.028955461330173744,0.05710417623777717
Maria-Lena Weiss,CDU/CSU,0.028998216213631932,0.051772827805530136
Mario Czaja,CDU/CSU,0.028445193865155895,0.05088561671463323
Mark Helfrich,CDU/CSU,0.02950489933760566,0.05202679095259797
Markus Grübel,CDU/CSU,0.029992195218963808,0.05078370605538522
Markus Koob,CDU/CSU,0.029455085285685478,0.05214050548079826
Markus Reichel,CDU/CSU,0.028950794839035978,0.05842995185123224
Markus Uhl,CDU/CSU,0.029797166866946116,0.05673821881391942
Marlon Bröhr,CDU/CSU,0.030016806908301094,0.05421357142433638
Martin Plum,CDU/CSU,0.029179442727851824,0.05726497424214452
Martina Englhardt-Kopf,CDU/CSU,0.029043496825717257,0.05644620180442192
Mathias Middelberg,CDU/CSU,0.029838975386633996,0.0513884754850946
Matthias Hauer,CDU/CSU,0.029146365842098846,0.058508078444458815
Max Straubinger,CDU/CSU,0.02760373518024819,0.052981540296880174
Maximilian Mörseburg,CDU/CSU,0.029784118639461243,0.0565145070830722
Mechthild Heil,CDU/CSU,0.03159881046499861,0.042453810549676924
Mechthilde Wittmann,CDU/CSU,0.02915945750024882,0.05628613665985853
Melanie Bernstein,CDU/CSU,0.031695584829813966,0.03305931358837285
Michael Brand,CDU/CSU,0.030296405284285538,0.04686754562711646
Michael Breilmann,CDU/CSU,0.029987773827765192,0.05091758341317507
Michael Donth,CDU/CSU,0.0293735225161514,0.056999386705582675
Michael Frieser,CDU/CSU,0.02770057432430832,0.04504501741338284
Michael Grosse-Brömer,CDU/CSU,0.029434096093133095,0.04867821990209394
Michael Hennrich,CDU/CSU,0.026618779342185962,0.02155878497519345
Michael Kießling,CDU/CSU,0.029602787850869304,0.05655841229145179
Michael Meister,CDU/CSU,0.029419467531781235,0.058489576261659265
Monika Grütters,CDU/CSU,0.028890771336435455,0.04802319345700548
Moritz Oppelt,CDU/CSU,0.029669582069966116,0.05020871718694011
Nadine Schön,CDU/CSU,0.030036870556771497,0.05039441421210665
Nicolas Zippelius,CDU/CSU,0.029767475786764003,0.050469285578756275
Nina Warken,CDU/CSU,0.0288665540997565,0.05195280957692468
Norbert Maria Altenkamp,CDU/CSU,0.029699862395900088,0.053230472963293515
Norbert Röttgen,CDU/CSU,0.03058712221300832,0.05064676279549176
Olav Gutting,CDU/CSU,0.02737496404534068,0.05326461060504264
Oliver Grundmann,CDU/CSU,0.028114457711488853,0.0513820523443711
Oliver Vogt,CDU/CSU,0.029146365842098846,0.058508078444458815
Ottilie Klein,CDU/CSU,0.029891540487450127,0.056597876793719096
Patricia Lips,CDU/CSU,0.029044185584349607,0.050177037852900376
Patrick Schnieder,CDU/CSU,0.028706758304794373,0.05613489100556147
Paul Lehrieder,CDU/CSU,0.029398199666416762,0.05820313316467963
Paul Ziemiak,CDU/CSU,0.029335783101674864,0.04693348797366147
Peter Aumer,CDU/CSU,0.029146365842098846,0.058508078444458815
Peter Beyer,CDU/CSU,0.02977700655933979,0.049275538905325135
Peter Ramsauer,CDU/CSU,0.027917070713665476,0.03639171198878783
Petra Nicolaisen,CDU/CSU,0.029310662784868755,0.05757936886544413
Philipp Amthor,CDU/CSU,0.029443336800711338,0.05444501772923799
Ralph Brinkhaus,CDU/CSU,0.0293797401241787,0.05528083430159901
Ralph Edelhäußer,CDU/CSU,0.029944538199245165,0.05367120458081025
Reinhard Brandl,CDU/CSU,0.029066578643367452,0.05247215580087135
Roderich Kiesewetter,CDU/CSU,0.030604781826244112,0.04593195924506316
Ronja Kemmer,CDU/CSU,0.02937166316965998,0.04375060257003297
Sabine Weiss,CDU/CSU,0.029349087864774394,0.04430814426232208
Sebastian Brehm,CDU/CSU,0.030125379919727066,0.0510719519375893
Sepp Müller,CDU/CSU,0.028631851246950883,0.057514857576088006
Serap Güler,CDU/CSU,0.029143484126014106,0.05442395452496435
Silke Launert,CDU/CSU,0.029582810768594533,0.05219384530477291
Silvia Breher,CDU/CSU,0.028901732291735673,0.04882786649258146
Simone Borchardt,CDU/CSU,0.02836848738494095,0.048344810673750134
Stefan Heck,CDU/CSU,0.028866110587189808,0.04990444000487433
Stefan Kaufmann,CDU/CSU,0.03695907293908459,0.010250847706339106
Stefan Müller,CDU/CSU,0.028780851018111387,0.043942640782252906
Stefan Nacke,CDU/CSU,0.029397471960510565,0.05766116239780367
Stefan Rouenhoff,CDU/CSU,0.028792922521994883,0.05361957074719912
Steffen Bilger,CDU/CSU,0.030032758201332825,0.05566248971208757
Stephan Albani,CDU/CSU,0.029535734699645932,0.05614961684484916
Stephan Mayer,CDU/CSU,0.03009893418543908,0.04984369787466258
Stephan Pilsinger,CDU/CSU,0.028980063521217934,0.04730960567085106
Stephan Stracke,CDU/CSU,0.029684364020774803,0.056677935059995355
Susanne Hierl,CDU/CSU,0.029051252084545842,0.05588875957482762
Thomas Bareiß,CDU/CSU,0.02968499279523988,0.04562754947700568
Thomas Erndl,CDU/CSU,0.030043800418127983,0.05273414115819361
Thomas Gebhart,CDU/CSU,0.029613938821009992,0.051352018302624716
Thomas Heilmann,CDU/CSU,0.02950050768571545,0.04887994807755834
Thomas Jarzombek,CDU/CSU,0.029672798974637923,0.053226003673005
Thomas Rachel,CDU/CSU,0.028740947307743944,0.054600312787328575
Thomas Röwekamp,CDU/CSU,0.030069346698889686,0.052872246538229556
Thomas Silberhorn,CDU/CSU,0.029615012302221102,0.057780793018505326
Thorsten Frei,CDU/CSU,0.028942280801653866,0.05846031995849294
Tilman Kuban,CDU/CSU,0.030796246092172755,0.04883980803043129
Tino Sorge,CDU/CSU,0.029444256938727827,0.05214110715913951
Tobias Winkler,CDU/CSU,0.03012201426463905,0.05002859155423044
Ulrich Lange,CDU/CSU,0.029263546784079043,0.054561169078880194
Ursula Groden-Kranich,CDU/CSU,0.05149954970147543,-1.277363638641472e-4
Uwe Feiler,CDU/CSU,0.028835910196035094,0.05208107206376119
Volker Mayer-Lay,CDU/CSU,0.02937241141737399,0.05607699471486521
Volker Ullrich,CDU/CSU,0.02955313019416622,0.057116104981459796
Volkmar Klein,CDU/CSU,0.029545156532673474,0.05486124028715354
Wilfried Oellers,CDU/CSU,0.029507398810449403,0.056069654982472295
Wolfgang Schäuble,CDU/CSU,0.029041352753341777,0.034689634691570444
Wolfgang Stefinger,CDU/CSU,0.02804622350368717,0.05469663845865359
Yannick Bury,CDU/CSU,0.029206568710416787,0.05176169976768056
Yvonne Magwas,CDU/CSU,0.02865554773187117,0.047984167383309996
Alexander Ulrich,DIE LINKE.,0.011978530770471656,0.009465253704012378
Ali Al-Dailami,DIE LINKE.,0.012610508756739344,0.007738282978200706
Amira Mohamed Ali,DIE LINKE.,0.013538006711378987,0.010075375029256107
Andrej Hunko,DIE LINKE.,0.011628889700262268,0.006992824612246729
André Hahn,DIE LINKE.,0.011242097070713693,0.007383885535543521
Anke Domscheit-Berg,DIE LINKE.,0.015866100492906102,0.0033458256563580605
Ates Gürpinar,DIE LINKE.,0.013137192504626735,0.007352272974934892
Bernd Riexinger,DIE LINKE.,0.014120087255545139,0.0028158064644901617
Caren Lay,DIE LINKE.,0.01544757044879354,-4.641619249595154e-4
Christian Görke,DIE LINKE.,0.013852753508269979,0.003435329466802945
Christian Leye,DIE LINKE.,0.010353015665959822,0.002949544781242313
Clara Bünger,DIE LINKE.,0.01501151010342581,0.004352004107725784
Cornelia Möhring,DIE LINKE.,0.016308416232181447,0.004484425967295592
Dietmar Bartsch,DIE LINKE.,0.013040667627236657,0.006013733828304261
Gesine Lötzsch,DIE LINKE.,0.013346407821319392,0.005555846958264645
Gregor Gysi,DIE LINKE.,0.01412995327331273,0.0035828498939637905
Gökay Akbulut,DIE LINKE.,0.015133478605547541,0.007175779915725793
Heidi Reichinnek,DIE LINKE.,0.01225910204868164,0.004266784570084298
Ina Latendorf,DIE LINKE.,0.013675449194033174,0.005150191784564218
Jan Korte,DIE LINKE.,0.011898725021340848,1.4126414312231974e-4
Janine Wissler,DIE LINKE.,0.013621667056032636,0.005131831512958644
Jessica Tatti,DIE LINKE.,0.009875069257171062,0.009395048582020933
Jörg Cezanne,DIE LINKE.,0.017898339459516098,-0.0034287985429319497
Kathrin Vogler,DIE LINKE.,0.013459760860167416,5.798138305762018e-4
Katja Kipping,DIE LINKE.,0.004927430862110724,4.504174245379516e-4
Klaus Ernst,DIE LINKE.,0.012012017462042548,0.008780113436762951
Martina Renner,DIE LINKE.,0.015521213265212937,0.00468820388960344
Matthias W. Birkwald,DIE LINKE.,0.012274423126336424,0.0048931157593531316
Nicole Gohlke,DIE LINKE.,0.014304096099841722,0.006307554895897586
Pascal Meiser,DIE LINKE.,0.01462577530050443,0.010357510386549909
Petra Pau,DIE LINKE.,0.013926397580431356,0.006791491559146128
Petra Sitte,DIE LINKE.,0.013127778580766853,0.004872951981569677
Ralph Lenkert,DIE LINKE.,0.01290944893005532,0.002680380572807205
Sahra Wagenknecht,DIE LINKE.,0.012146064839356449,0.006678270497544683
Sevim Dağdelen,DIE LINKE.,0.011043138016070413,0.009888366988855557
Susanne Ferschl,DIE LINKE.,0.012933256546969439,0.002126898506004136
Susanne Hennig-Wellsow,DIE LINKE.,0.01815677111314993,0.002249450453842424
Sören Pellmann,DIE LINKE.,0.012129133752649951,0.0047108094250618545
Thomas Lutze,DIE LINKE.,0.023668442303569487,-0.006752251785998337
Victor Perli,DIE LINKE.,0.013391876361609536,0.0067126116312424796
Zaklin Nastić,DIE LINKE.,0.013490236252598828,0.007192274118717807
Alexander Graf Lambsdorff,FDP,0.04271136333009443,-0.013717410034592804
Alexander Müller,FDP,0.042912857067755335,-0.027659377675388837
Andrew Ullmann,FDP,0.04290104262250243,-0.02944576805227629
Anikó Glogowski-Merten,FDP,0.04247319830435206,-0.03226839538045133
Anja Schulz,FDP,0.04251106760149109,-0.030059333806797792
Ann-Veruschka Jurisch,FDP,0.042662819418876424,-0.02769956214874878
Benjamin Strasser,FDP,0.04292643025085541,-0.030141641563097035
Bernd Reuther,FDP,0.042306732531002325,-0.02892514591014922
Bettina Stark-Watzinger,FDP,0.04218924067504311,-0.02362375655887365
Bijan Djir-Sarai,FDP,0.04236090829739664,-0.027298871657775944
Carina Konrad,FDP,0.04290579001320325,-0.028571293721084023
Carl-Julius Cronenberg,FDP,0.042788018757399064,-0.027842198021203114
Christian Bartelt,FDP,0.04127223217135823,-0.012063787647196298
Christian Dürr,FDP,0.042652989398410335,-0.028868554762514383
Christian Lindner,FDP,0.04036846734115561,-0.017881206238613712
Christian Sauter,FDP,0.041857225667749534,-0.024431140988280618
Christine Aschenberg-Dugnus,FDP,0.0427367315896996,-0.028948208215547607
Christoph Hoffmann,FDP,0.042585813285560985,-0.024928037178327235
Christoph Meyer,FDP,0.0428028510712273,-0.02940415868135517
Claudia Raffelhüschen,FDP,0.04269443945254968,-0.03081110804563819
Daniel Föst,FDP,0.04313341043962224,-0.02723587775613648
Daniela Kluckert,FDP,0.043539600797997,-0.022645641254900723
Fabian Griewel,FDP,0.0382077293594745,-8.162963318913046e-4
Florian Toncar,FDP,0.04283026039336783,-0.027576140400908767
Frank Müller-Rosentritt,FDP,0.04219157175997999,-0.0280836677601071
Frank Schäffler,FDP,0.04221123538826765,-0.028604397938418815
Friedhelm Boginski,FDP,0.042764704682140164,-0.031007011846788522
Gerald Ullrich,FDP,0.042039291894643664,-0.0258475664148029
Gero Hocker,FDP,0.04254840432075334,-0.03025565969017108
Gyde Jensen-Bornhöft,FDP,0.04249152215661637,-0.026772859564501976
Hagen Reinhold,FDP,0.04160871964515187,-0.01423319575833306
Ingo Bodtke,FDP,0.042312318224651195,-0.02863136930711128
Jens Beeck,FDP,0.04228639533541467,-0.028853209729169285
Jens Brandenburg,FDP,0.04293516794608004,-0.0303821257242946
Jens Teutrine,FDP,0.0429208066744703,-0.027709439259080277
Johannes Vogel,FDP,0.04259172897116513,-0.023575247561556836
Judith Skudelny,FDP,0.042400219116129415,-0.027664139043352808
Julian Simon Grünke,FDP,0.0382077293594745,-8.162963318913046e-4
Jürgen Lenders,FDP,0.04287092017587207,-0.029810951133703887
Karlheinz Busen,FDP,0.04278976804437344,-0.02488862936191798
Karsten Klein,FDP,0.042513501018948,-0.030946482807119622
Katharina Willkomm,FDP,0.04152848853144646,-0.012145330271209762
Katja Adler,FDP,0.041478880892565705,-0.025218175759717045
Katja Hessel,FDP,0.04263597439261425,-0.027759617139940084
Katrin Helling-Plahr,FDP,0.043141063412569666,-0.030828641598517482
Knut Gerschau,FDP,0.042617004831397416,-0.030466775455662082
Konrad Stockmeier,FDP,0.04287506185593955,-0.030337568481855284
Konstantin Kuhle,FDP,0.04293356570637167,-0.030433952759226567
Kristine Lütke,FDP,0.042873938075879955,-0.03139891408136451
Lars Lindemann,FDP,0.04164238198720971,-0.023517563966515637
Linda Teuteberg,FDP,0.04100221369984017,-0.02374653703321025
Lukas Köhler,FDP,0.04258122991210521,-0.02844278060819188
Manfred Todtenhausen,FDP,0.042803568631100034,-0.029328581041361504
Manuel Höferlin,FDP,0.042930958379955836,-0.0295279215557268
Marco Buschmann,FDP,0.0423693494641807,-0.02621184832633465
Marcus Faber,FDP,0.043150513592027866,-0.0241761084476091
Marie-Agnes Strack-Zimmermann,FDP,0.04242372807197308,-0.02360283936684985
Mario Brandenburg,FDP,0.042724069821801124,-0.03021563058464353
Markus Herbrand,FDP,0.042750994155953057,-0.030156623220798692
Martin Gassner-Herz,FDP,0.04264463075359569,-0.029854210636507728
Matthias Seestern-Pauly,FDP,0.04274584071970695,-0.026025423312004782
Max Mordhorst,FDP,0.042939056828093965,-0.025961530375373014
Maximilian Funke-Kaiser,FDP,0.042912689924574664,-0.030430033666685292
Michael Kruse,FDP,0.04268513226516666,-0.029808262059448483
Michael Link,FDP,0.042361564593633314,-0.022700124021152106
Michael Theurer,FDP,0.04247173314650533,-0.020730914554446835
Muhanad Al-Halak,FDP,0.042986579063230085,-0.03086229954159052
Nico Tippelt,FDP,0.04194976301201483,-0.02346877051248787
Nicole Bauer,FDP,0.04304719919295792,-0.016833964502257232
Nicole Westig,FDP,0.04275570346715306,-0.029074394098878194
Nils Gründer,FDP,0.04228696554680471,-0.023696496362769864
Olaf in der Beek,FDP,0.04290386426753042,-0.0314110014682471
Oliver Luksic,FDP,0.041791705880669675,-0.025500424531472683
Otto Fricke,FDP,0.042748831264192245,-0.030545750783423958
Pascal Kober,FDP,0.04272164396049927,-0.026942949360425676
Peter Heidt,FDP,0.04287641134054073,-0.02957752584976786
Philipp Hartewig,FDP,0.04307222236990244,-0.030509420238759456
Rainer Semet,FDP,0.043138165035623774,-0.02789219021598595
Reginald Hanke,FDP,0.0409814724065553,-0.022675184867028565
Reinhard Houben,FDP,0.042476735808255256,-0.03040087620302489
Renata Alt,FDP,0.04240564668696652,-0.028400530904147875
Ria Schröder,FDP,0.04251397552151256,-0.030316026039579277
Sandra Bubendorfer-Licht,FDP,0.0427688857434611,-0.03019276553120319
Sandra Weeser,FDP,0.04288373752178033,-0.02355745514723405
Stephan Seiter,FDP,0.04280803820659773,-0.030931230465238768
Stephan Thomae,FDP,0.04291361719557048,-0.03125134463285092
Thomas Hacker,FDP,0.04294814373914022,-0.03018345296041253
Thomas Sattelberger,FDP,0.03947629685343018,-0.007144101046225558
Thorsten Lieb,FDP,0.04287780186943027,-0.03039100992977041
Till Mansmann,FDP,0.04298147925265708,-0.02818603684600679
Tim Wagner,FDP,0.04250211686587665,-0.004613653070994365
Torsten Herbst,FDP,0.04300122047029586,-0.03091713786284096
Ulrich Lechte,FDP,0.04241886989951884,-0.027090295389792497
Ulrike Harzer,FDP,0.04284680208548796,-0.022938973680427247
Valentin Abel,FDP,0.042188584319846845,-0.030625968632268102
Volker Redder,FDP,0.04234588984544929,-0.026999997206642475
Volker Wissing,FDP,0.04301632458266276,-0.02436750417096339
Wolfgang Kubicki,FDP,0.041451957945752155,-0.016872139224436065
Achim Post,SPD,0.042768554397289056,-0.031846352141719846
Adis Ahmetović,SPD,0.04279840975343121,-0.030490707999346934
Alexander Bartz,SPD,0.043168949809357794,-0.022322566937871078
Ana-Maria Trăsnea,SPD,0.04081341257819998,-0.010165870491789004
Andreas Larem,SPD,0.04319575518774208,-0.032587481471926014
Andreas Mehltretter,SPD,0.04311375346856987,-0.03354184736624922
Andreas Philippi,SPD,0.041621339277934065,-0.014348751398664086
Andreas Rimkus,SPD,0.04292780796867955,-0.03228542206326666
Andreas Schwarz,SPD,0.042455760459644436,-0.03168748692708813
Anette Kramme,SPD,0.042848770842729325,-0.02745971265052399
Angela Hohmann,SPD,0.04258791297520244,-0.007367738690577223
Angelika Glöckner,SPD,0.043266373995914376,-0.0321165876129786
Anja Troff-Schaffarzyk,SPD,0.04321145444096534,-0.03430801422087367
Anke Hennig,SPD,0.042917361604533126,-0.03282887755408206
Anna Kassautzki,SPD,0.041427785823819285,-0.02700120846949979
Annika Klose,SPD,0.042805406332951726,-0.033512367895260506
Ariane Fäscher,SPD,0.042791656217010594,-0.031280795387823856
Armand Zorn,SPD,0.04294188439020801,-0.0344679793715309
Axel Echeverria,SPD,0.04220828186707162,-0.03362250791352684
Axel Schäfer,SPD,0.0426694789342911,-0.031311458904876924
Aydan Özoğuz,SPD,0.043146560905887095,-0.0307557095165521
Bengt Bergt,SPD,0.04315730584151592,-0.03544961661420746
Bernd Rützel,SPD,0.04307975232418203,-0.03370934409850021
Bernd Westphal,SPD,0.04274608955225348,-0.032427305937961774
Bernhard Daldrup,SPD,0.04334152401509631,-0.033761376260926554
Bettina Hagedorn,SPD,0.04324796424180151,-0.03567321323514368
Bettina Lugk,SPD,0.04284198539469132,-0.03127837204303053
Bettina Müller,SPD,0.04042101513292005,-0.02186625206998488
Brian Nickholz,SPD,0.0432241572589661,-0.035690111898739524
Bärbel Bas,SPD,0.043104720737151075,-0.034534714760408494
Bärbel Kofler,SPD,0.04310181258926719,-0.03306893019000545
Cansel Kiziltepe,SPD,0.0423798338599464,-0.014288454999183225
Carlos Kasper,SPD,0.04297874305502735,-0.03328272437010517
Carmen Wegge,SPD,0.04284539360202964,-0.0344470480320348
Carolin Wagner,SPD,0.042333491764543395,-0.0327801927123448
Carsten Schneider,SPD,0.04271826596848408,-0.030176507852792675
Carsten Träger,SPD,0.0432548322806489,-0.03566544145099157
Christian Petry,SPD,0.0427807639764086,-0.022181296488870624
Christian Schreider,SPD,0.04306628761848864,-0.03131297265777295
Christoph Schmid,SPD,0.04275734256160917,-0.0324204265883606
Christos Pantazis,SPD,0.042739899886079985,-0.028631993177487058
Claudia Moll,SPD,0.042743616872062754,-0.0303247638777754
Claudia Tausend,SPD,0.043076259999722914,-0.035110157925866456
Dagmar Andres,SPD,0.04198247348878839,-0.027093595155267134
Dagmar Schmidt,SPD,0.04312554454307948,-0.03286800315083687
Daniel Baldy,SPD,0.043309556232600445,-0.032609195851901765
Daniel Rinkert,SPD,0.04305645199979455,-0.024697316715472158
Daniel Schneider,SPD,0.04363502786019538,-0.03131434751877591
Daniela De Ridder,SPD,0.04206302926856974,-0.02029506817778229
Dennis Rohde,SPD,0.04297013776410782,-0.03180142223653701
Derya Türk-Nachbaur,SPD,0.04309941099658646,-0.03095875418873247
Detlef Müller,SPD,0.04321126439400259,-0.03569356288242223
Dietmar Nietan,SPD,0.04325754956189719,-0.027142877509774923
Dirk Heidenblut,SPD,0.04257832946070668,-0.030368914319898254
Dirk Vöpel,SPD,0.042998334268929815,-0.035004799801304796
Dirk Wiese,SPD,0.04325171893228052,-0.0347846369578224
Dirk-Ulrich Mende,SPD,0.04140078030118836,-0.019008985372011424
Dorothee Martin,SPD,0.04283372766699404,-0.03275057150987784
Dunja Kreiser,SPD,0.04343212236941916,-0.031911591488697745
Edgar Franke,SPD,0.04304193070180068,-0.031977055173377185
Elisabeth Kaiser,SPD,0.04311819344747638,-0.03500519979002117
Emily Vontz,SPD,0.041566850451604236,-0.020582584297010608
Erik von Malottki,SPD,0.03972134037219308,-0.02611640030381143
Esra Limbacher,SPD,0.04235467691673776,-0.03273229352814599
Esther Dilcher,SPD,0.04295130816157028,-0.034079744486438475
Fabian Funke,SPD,0.04289308038321817,-0.03466662813594292
Falko Droßmann,SPD,0.04344065887039553,-0.03285020988035791
Falko Mohrs,SPD,0.03824349840257197,-0.010737552827946547
Felix Döring,SPD,0.043328618608875505,-0.034545617410045935
Frank Junge,SPD,0.042801954403228495,-0.03270030740084931
Frank Schwabe,SPD,0.04302068304209559,-0.027249277503169276
Frank Ullrich,SPD,0.04259166528522795,-0.03082107571540077
Franziska Kersten,SPD,0.043157193492956,-0.0339144829863358
Franziska Mascheck,SPD,0.04314437180591385,-0.033777500966587354
Frauke Heiligenstadt,SPD,0.04317242108221069,-0.03334235638032666
Gabriela Heinrich,SPD,0.042768099272676566,-0.03211317662859403
Gabriele Katzmarek,SPD,0.04169791377576374,-0.02582287713244598
Gülistan Yüksel,SPD,0.04199018751055953,-0.028762199931328572
Hakan Demir,SPD,0.042858495262273116,-0.03446860598558588
Hannes Walter,SPD,0.04273924286441818,-0.033728868024393954
Heike Baehrens,SPD,0.04312500053780198,-0.033925052920859095
Heike Engelhardt,SPD,0.04339577385727909,-0.03304429792592636
Heike Heubach,SPD,0.04192460628657753,-0.007175255636105422
Heiko Maas,SPD,0.04195587357573814,-0.005623079229089562
Helge Lindh,SPD,0.043181862713657614,-0.03536817865969751
Helmut Kleebank,SPD,0.04307639151174145,-0.03160585894290294
Herbert Wollmann,SPD,0.04286528764916554,-0.03449185542170747
Holger Becker,SPD,0.04356413864706349,-0.03284634385236339
Holger Mann,SPD,0.0425330625591538,-0.03150450904507167
Hubertus Heil,SPD,0.04298686454800148,-0.02887255196673224
Ingo Schäfer,SPD,0.0431547788958568,-0.03163945881384143
Isabel Cademartori,SPD,0.04337295087051789,-0.03342280117120548
Isabel Mackensen-Geis,SPD,0.04285901914291441,-0.03370269585437035
Jakob Blankenburg,SPD,0.04325655162697812,-0.03560762471324402
Jan Dieren,SPD,0.03397609985456761,-0.03473288958521463
Jan Plobner,SPD,0.043184253702711194,-0.03432553818771476
Jasmina Hostert,SPD,0.0430477757392166,-0.03439799582346914
Jens Peick,SPD,0.0432241572589661,-0.035690111898739524
Jens Zimmermann,SPD,0.04295085632715492,-0.03398025031287606
Jessica Rosenthal,SPD,0.040900297038072714,-0.025504543372555578
Joe Weingarten,SPD,0.04213930066025725,-0.023777819731120614
Johann Saathoff,SPD,0.043409519348734785,-0.030854222196618826
Johannes Arlt,SPD,0.04263689304271783,-0.02945671142864671
Johannes Fechner,SPD,0.04275273917809128,-0.03444923629590249
Johannes Schraps,SPD,0.043507714906736716,-0.03315090945361946
Johannes Schätzl,SPD,0.04247222792140322,-0.02846737621042415
Josephine Ortleb,SPD,0.04286907933490638,-0.024544263481879134
Josip Juratovic,SPD,0.042250466749375784,-0.02872866529093517
Jörg Nürnberger,SPD,0.04321145444096534,-0.03430801422087367
Jürgen Berghahn,SPD,0.042676513445146134,-0.029010044526883653
Jürgen Coße,SPD,0.043336978396815995,-0.031286178556835034
Karamba Diaby,SPD,0.04322982559764056,-0.0351002815306357
Karl Lauterbach,SPD,0.04380841437215143,-0.02682781306977275
Kathrin Michel,SPD,0.04294960667791379,-0.03344202602007278
Katja Mast,SPD,0.04262112134161629,-0.030979036417063628
Katrin Budde,SPD,0.04283132242424828,-0.033534321031991346
Katrin Zschau,SPD,0.043006499182450676,-0.03510622872637042
Kaweh Mansoori,SPD,0.04245782459121313,-0.024754508928249284
Kerstin Griese,SPD,0.04281339403699072,-0.029805349006602432
Kevin Kühnert,SPD,0.04310871832160189,-0.03410409512204928
Kevin Leiser,SPD,0.043180459193524104,-0.034056470268483005
Kristian Klinck,SPD,0.04266997577459637,-0.03231273463104219
Lars Castellucci,SPD,0.042905068725071,-0.03000544219190485
Lars Klingbeil,SPD,0.042942602154738864,-0.030603897240799875
Lena Werner,SPD,0.042919147451269776,-0.02765162966717558
Leni Breymaier,SPD,0.043122409341096554,-0.03544109967046465
Lennard Oehl,SPD,0.04313704287011953,-0.031055004290327565
Lina Seitzl,SPD,0.04263878310546388,-0.027834870386755427
Lucia Schanbacher,SPD,0.03595458348980966,-0.0020396279573502707
Luiza Licina-Bode,SPD,0.043251901354250985,-0.03143612430200111
Macit Karaahmetoğlu,SPD,0.04310817538103812,-0.030721394770942233
Mahmut Özdemir,SPD,0.042471234977805125,-0.03522369913732902
Maja Wallstein,SPD,0.041583569590518094,-0.031143619547673432
Manuel Gava,SPD,0.04301830754864886,-0.019904805495790934
Marianne Schieder,SPD,0.043165474448855594,-0.03311105026355318
Marja-Liisa Völlers,SPD,0.04320415138774497,-0.03565385494217457
Markus Hümpfer,SPD,0.043266539970321684,-0.03566691484286695
Markus Töns,SPD,0.043296838835376585,-0.034063275345940676
Martin Diedenhofen,SPD,0.04297471777546373,-0.0299082338774522
Martin Gerster,SPD,0.043064678801984155,-0.03323624692461452
Martin Kröber,SPD,0.04274693620046391,-0.035568642776245926
Martin Rabanus,SPD,0.0432728692028386,-0.0094701889685230509
Martin Rosemann,SPD,0.0433092120941415,-0.03270462219368659
Martina Stamm-Fibich,SPD,0.04327112785595696,-0.03380898744088058
Mathias Papendieck,SPD,0.04354572136214333,-0.03209411463471387
Mathias Stein,SPD,0.04312154725642794,-0.03532610039887394
Matthias Miersch,SPD,0.043179298153747415,-0.03479416591567516
Matthias Mieves,SPD,0.0432241572589661,-0.035690111898739524
Melanie Wegling,SPD,0.0428221702903861,-0.031038533219885596
Metin Hakverdi,SPD,0.04338597964074963,-0.0328642053106199
Michael Gerdes,SPD,0.04323571247537437,-0.03174023038921268
Michael Müller,SPD,0.0430805426319821,-0.032945100692596804
Michael Roth,SPD,0.042012508485254715,-0.02856445283169264
Michael Schrodi,SPD,0.04294416578884357,-0.034158137982444894
Michael Thews,SPD,0.043061436410618964,-0.03167253883487344
Michelle Müntefering,SPD,0.042786457845486875,-0.02843576571843283
Nadine Heselhaus,SPD,0.042835470276074136,-0.03428940881788311
Nadine Ruf,SPD,0.04306054764775506,-0.009227901962438076
Nadja Sthamer,SPD,0.038731138664814396,-0.02959415808001259
Natalie Pawlik,SPD,0.04350424477157868,-0.031361558946013765
Nezahat Baradari,SPD,0.04328892876784955,-0.030354894020747997
Niels Annen,SPD,0.04317018109705657,-0.02986643010424324
Nils Schmid,SPD,0.043429468398425645,-0.03385491181233856
Nina Scheer,SPD,0.042937879906743526,-0.03487704053605197
Olaf Scholz,SPD,0.04212294115958683,-0.021340852496984652
Oliver Kaczmarek,SPD,0.04321145444096534,-0.03430801422087367
Parsa Marvi,SPD,0.04317007841591466,-0.03312724498998106
Peggy Schierenbeck,SPD,0.043188470187200206,-0.028621256254407746
Rainer Keller,SPD,0.037762094931579976,-0.006239326760687876
Ralf Stegner,SPD,0.04294733444984165,-0.031199886795824333
Rasha Nasr,SPD,0.04247667561414098,-0.03132502814133951
Rebecca Schamber,SPD,0.04303552748700219,-0.029536506491836312
Reem Alabali Radovan,SPD,0.04262596646307153,-0.03044764274401661
Rita Hagl-Kehl,SPD,0.043102048647241105,-0.03455259318626738
Rita Schwarzelühr-Sutter,SPD,0.04339206366882197,-0.03349707940903343
Robin Mesarosch,SPD,0.042775181178785884,-0.03391348019049805
Rolf Mützenich,SPD,0.0426311225939636,-0.028606159642110884
Ruppert Stüwe,SPD,0.03845360817149104,-0.036240768730166524
Sabine Dittmar,SPD,0.04304939585717293,-0.033230083963891745
Sabine Poschmann,SPD,0.04301669203712359,-0.034299570282755876
Sanae Abdi,SPD,0.04224979385883097,-0.030083384777362172
Sarah Lahrkamp,SPD,0.04275272300463279,-0.03188718811433066
Sarah Ryglewski,SPD,0.042920511324249316,-0.025040122575097867
Saskia Esken,SPD,0.043311302634200945,-0.030198130085103032
Sebastian Fiedler,SPD,0.04283541630323658,-0.02864015728131138
Sebastian Hartmann,SPD,0.04290137355135041,-0.03166842413686592
Sebastian Roloff,SPD,0.04334046657739141,-0.03416825717343641
Siemtje Möller,SPD,0.04239178204799889,-0.0310205901779789
Simona Koß,SPD,0.04297433355832412,-0.03230509286342844
Sonja Eichwede,SPD,0.04277214799827852,-0.03432523690688475
Stefan Schwartze,SPD,0.04297042332859397,-0.026307279830822337
Stefan Zierke,SPD,0.04298618903188558,-0.030849489021662
Susanne Mittag,SPD,0.04282615280135588,-0.03436858906692387
Svenja Schulze,SPD,0.04291802916773877,-0.033799663578059067
Svenja Stadler,SPD,0.04265213586789978,-0.03281845164638912
Sylvia Lehmann,SPD,0.04317042423154705,-0.03227452539917669
Sönke Rix,SPD,0.04323282995776767,-0.034360864537615596
Sören Bartol,SPD,0.04282834923068893,-0.034578555468833934
Takis Mehmet Ali,SPD,0.043396815196803044,-0.031033038235844076
Tanja Machalet,SPD,0.04331228166465643,-0.03366585757234696
Thomas Hitschler,SPD,0.04265721379419018,-0.03317311883692247
Thorsten Rudolph,SPD,0.043270341163122575,-0.034283375607837514
Tim Klüssendorf,SPD,0.0432241572589661,-0.035690111898739524
Timo Schisanowski,SPD,0.04293539811184686,-0.03299340963020606
Timon Gremmels,SPD,0.042561092133312155,-0.023624947241173443
Tina Rudolph,SPD,0.04244448652170537,-0.03611994063481847
Udo Schiefner,SPD,0.04325194832786547,-0.02943879841307533
Uli Grötsch,SPD,0.042745473320748795,-0.026060493057018755
Ulrike Bahr,SPD,0.04205575097378367,-0.03593521552204588
Uwe Schmidt,SPD,0.04197433363329159,-0.029413498404159726
Verena Hubertz,SPD,0.043094270839352765,-0.03367004756699979
Wiebke Esdar,SPD,0.04285605625499068,-0.030673681444758967
Wiebke Papenbrock,SPD,0.042795583529017966,-0.029151735479490376
Wolfgang Hellmich,SPD,0.043236216011352385,-0.031112013865752748
Yasmin Fahimi,SPD,0.03228708003352129,-0.002274607392264448
Ye-One Rhie,SPD,0.04284892394264623,-0.03439385720961651
Zanda Martens,SPD,0.04325057047326241,-0.035633691572459124
Joana Cotar,fraktionslos,0.015356270714240285,0.018861663928430215
Johannes Huber,fraktionslos,0.01428252452460194,0.03731050109980616
Matthias Helferich,fraktionslos,0.009675860433243413,0.031410582334889546
Robert Farle,fraktionslos,0.009214072204933709,0.029576220374156397
Stefan Seidler,fraktionslos,0.038346397721169136,-0.01387227489843476
Uwe Witt,fraktionslos,0.05153586032408475,2.187874922256707e-4
