name,party,dim1,dim2
Albrecht Glaser,AfD,0.034442139255319616,-0.10049755921906273
Alexander Gauland,AfD,0.028446430012765735,-0.09470577191852328
Alice Weidel,AfD,0.0289492026128595,-0.08497827817004187
Andreas Bleck,AfD,0.03442451978930367,-0.09846720130053022
Barbara Benkstein,AfD,0.027959127821554092,-0.08512995394544984
Beatrix von Storch,AfD,0.03560808967296956,-0.10213137431106228
Bernd Baumann,AfD,0.032066170123574836,-0.09336514278260329
Bernd Schattner,AfD,0.031440505999920564,-0.10141801649160731
Carolin Bachmann,AfD,0.02564291463796238,-0.0737334854668118
Christian Wirth,AfD,0.033030716155612865,-0.09483285101269803
Christina Baum,AfD,0.02526871771165643,-0.09137966768215733
Corinna Miazga,AfD,4.114719237825791e-4,-3.934446069881443e-4
Dietmar Friedhoff,AfD,0.02596190481480435,-0.08902084773163817
Dirk Brandes,AfD,0.03342596794864839,-0.10438583383976709
Dirk Spaniel,AfD,0.032244311270042195,-0.09570060584077153
Edgar Naujok,AfD,0.022655489080144642,-0.06377055084543183
Enrico Komning,AfD,0.030277497760933976,-0.09495676734766718
Eugen Schmidt,AfD,0.030208675728983374,-0.0858122338087241
Fabian Jacobi,AfD,0.03476801454853657,-0.10533727642412084
Frank Rinck,AfD,0.03178088085615885,-0.0963586381295079
Gereon Bollmann,AfD,0.031540339615089244,-0.0943802675257877
Gerold Otten,AfD,0.028398855644528,-0.08551884037105972
Gerrit Huy,AfD,0.03435984992726531,-0.10236992733966638
Gottfried Curio,AfD,0.031525959573091136,-0.09998218197302397
Götz Frömming,AfD,0.03498594036594646,-0.09929836219858582
Hannes Gnauck,AfD,0.034681948056925545,-0.10372569189289037
Harald Weyel,AfD,0.027381742612891186,-0.08368871500595913
Jan Ralf Nolte,AfD,0.034765222298183025,-0.09136084150751174
Jan Wenzel Schmidt,AfD,0.027008285168051337,-0.10039348757209021
Joachim Wundrak,AfD,0.03436448598160077,-0.08465810579748695
Jochen Haug,AfD,0.025894288267397106,-0.08837947490297954
Jörg Schneider,AfD,0.027820754228009434,-0.081893432455838
Jörn König,AfD,0.032783305275099525,-0.09805150258259653
Jürgen Braun,AfD,0.03521281032666451,-0.10418185998151125
Jürgen Pohl,AfD,0.02234834126980612,-0.06511492826751933
Karsten Hilse,AfD,0.03208876615669243,-0.10572472255434491
Kay Gottschalk,AfD,0.031006125737071295,-0.09934902037999879
Kay-Uwe Ziegler,AfD,0.028339552808738736,-0.09918211390327195
Klaus Stöber,AfD,0.02578795460578388,-0.07640907547224829
Leif-Erik Holm,AfD,0.03199606324068747,-0.08984952739477643
Malte Kaufmann,AfD,0.026063486242364313,-0.09915462904287622
Manfred Schiller,AfD,0.004200554769656587,-0.009600427049261036
Marc Bernhard,AfD,0.03219473011103212,-0.10054157232388558
Marc Jongen,AfD,0.0196528454083324,-0.07072643277172004
Marcus Bühl,AfD,0.03491994049800819,-0.10777500599906198
Mariana Harder-Kühnel,AfD,0.018758406136516016,-0.0619448252139159
Markus Frohnmaier,AfD,0.028146400089460625,-0.0910242152483821
Martin Erwin Renner,AfD,0.022446820849785956,-0.07390104247927871
Martin Hess,AfD,0.02689304319198384,-0.09079380235530486
Martin Reichardt,AfD,0.026730352514426695,-0.07108878973544101
Martin Sichert,AfD,0.030577319894772716,-0.10027024915330673
Matthias Moosdorf,AfD,0.027485815259182374,-0.06785617075559372
Michael Espendiller,AfD,0.03318756853029748,-0.10745145349145829
Michael Kaufmann,AfD,0.03239764674229481,-0.10478168642439542
Mike Moncsek,AfD,0.03193554303081748,-0.10507191337156108
Nicole Höchst,AfD,0.030191232461696672,-0.09067853971302597
Norbert Kleinwächter,AfD,0.03294418312592109,-0.08940374458902113
Peter Boehringer,AfD,0.03216158480520438,-0.10562105170678583
Peter Felser,AfD,0.03416049421758532,-0.10375600361752378
Petr Bystron,AfD,0.015882393337617224,-0.053173376886912815
Rainer Kraft,AfD,0.03974932647178437,-0.08502131044914693
Rainer Rothfuß,AfD,0.021692421331454867,-0.057508743079489284
René Bochmann,AfD,0.03439406475067847,-0.10174290763043303
René Springer,AfD,0.022594365153785982,-0.07099045589086196
Roger Beckamp,AfD,0.0281945427993244,-0.08474496699665686
Rüdiger Lucassen,AfD,0.02793073859051731,-0.08922096301064734
Sebastian Münzenmaier,AfD,0.03199230220986699,-0.0962607737543665
Stefan Keuter,AfD,0.03227541157355278,-0.10534368743309148
Steffen Janich,AfD,0.031413162939424553,-0.10221370662986037
Steffen Kotré,AfD,0.03200925797141966,-0.08130097591362839
Stephan Brandner,AfD,0.03247306262440036,-0.10255087099547877
Stephan Protschka,AfD,0.031194170490156905,-0.08970029222531552
Thomas Dietz,AfD,0.030588849915086702,-0.09648811282694784
Thomas Ehrhorn,AfD,0.033012341268701194,-0.09385051919895826
Thomas Seitz,AfD,0.028090137878996353,-0.08439093586979425
Tino Chrupalla,AfD,0.030405248723393806,-0.09255021798607024
Tobias Matthias Peterka,AfD,0.032857237624975805,-0.10015548963254112
Ulrike Schielke-Ziesing,AfD,0.0311705644408481,-0.09162658707629392
Uwe Schulz,AfD,0.015919337215575775,-0.05720474035748996
Volker Münz,AfD,0.004200554769656578,-0.009600427049261017
Wolfgang Wiehle,AfD,0.034765919283626774,-0.10716201185197033
Agnieszka Brugger,BÜNDNIS 90/DIE GRÜNEN,-0.03129808310150801,0.010411344076158803
Andreas Audretsch,BÜNDNIS 90/DIE GRÜNEN,-0.03336231944272081,0.008352241062875748
Anja Liebert,BÜNDNIS 90/DIE GRÜNEN,-0.035397505173140706,0.008935098747334898
Anja Reinalter,BÜNDNIS 90/DIE GRÜNEN,-0.03399494265778177,0.010582962493539143
Anna Christmann,BÜNDNIS 90/DIE GRÜNEN,-0.031583494994930045,0.010875098253069725
Anna Lührmann,BÜNDNIS 90/DIE GRÜNEN,-0.03157673061858998,0.008788878759104463
Annalena Baerbock,BÜNDNIS 90/DIE GRÜNEN,-0.01845171205500126,0.0036811730414807974
Anne-Monika Spallek,BÜNDNIS 90/DIE GRÜNEN,-0.029260486634738965,0.0033213325588735913
Anton Hofreiter,BÜNDNIS 90/DIE GRÜNEN,-0.030320026083800116,0.008742499224933696
Armin Grau,BÜNDNIS 90/DIE GRÜNEN,-0.03285344493051353,0.011984126009028814
Awet Tesfaiesus,BÜNDNIS 90/DIE GRÜNEN,-0.03174033528744819,0.010861167735940378
Beate Müller-Gemmeke,BÜNDNIS 90/DIE GRÜNEN,-0.03269398804330016,0.008639492375878967
Beate Walter-Rosenheimer,BÜNDNIS 90/DIE GRÜNEN,-0.023287482904556584,0.007732885093254802
Bernhard Herrmann,BÜNDNIS 90/DIE GRÜNEN,-0.03273185279991072,0.011908135771285236
Bettina Hoffmann,BÜNDNIS 90/DIE GRÜNEN,-0.03341387481099743,0.007590144526713088
Boris Mijatović,BÜNDNIS 90/DIE GRÜNEN,-0.03284448515832902,0.012403611739620044
Britta Haßelmann,BÜNDNIS 90/DIE GRÜNEN,-0.03524673244512128,0.007949187893673179
Bruno Hönel,BÜNDNIS 90/DIE GRÜNEN,-0.03381699009841457,0.008432563696503517
Canan Bayram,BÜNDNIS 90/DIE GRÜNEN,-0.027600428426121808,-0.03995210434789927
Cem Özdemir,BÜNDNIS 90/DIE GRÜNEN,-0.02720912803786453,0.004682128562214838
Chantal Kopf,BÜNDNIS 90/DIE GRÜNEN,-0.03205497994552706,0.01079368001492285
Christian Kühn,BÜNDNIS 90/DIE GRÜNEN,-0.02561519011726479,0.00779816999010218
Christina-Johanne Schröder,BÜNDNIS 90/DIE GRÜNEN,-0.027745173274020075,0.007027769512228098
Claudia Müller,BÜNDNIS 90/DIE GRÜNEN,-0.027455734545680305,0.004200808963752384
Claudia Roth,BÜNDNIS 90/DIE GRÜNEN,-0.028504020320770932,0.00803794294048615
Corinna Rüffer,BÜNDNIS 90/DIE GRÜNEN,-0.029982794899417464,0.00490980929885625
Deborah Düring,BÜNDNIS 90/DIE GRÜNEN,-0.035424518097209,0.006500212442842274
Denise Loop,BÜNDNIS 90/DIE GRÜNEN,-0.028543466215598206,0.004790972983494886
Dieter Janecek,BÜNDNIS 90/DIE GRÜNEN,-0.03436433727844929,0.008268104779285574
Ekin Deligöz,BÜNDNIS 90/DIE GRÜNEN,-0.023369051465312308,0.01404163794715889
Emilia Fester,BÜNDNIS 90/DIE GRÜNEN,-0.03317304547604104,0.009698776633198082
Erhard Grundl,BÜNDNIS 90/DIE GRÜNEN,-0.03131472726429604,0.005904934195908361
Felix Banaszak,BÜNDNIS 90/DIE GRÜNEN,-0.03185481277207739,0.01069107101036928
Filiz Polat,BÜNDNIS 90/DIE GRÜNEN,-0.0317111910067002,0.012772880487092478
Frank Bsirske,BÜNDNIS 90/DIE GRÜNEN,-0.0277244148573839,0.003223708322895678
Franziska Brantner,BÜNDNIS 90/DIE GRÜNEN,-0.030982923924431638,0.006092664218366449
Franziska Krumwiede-Steiner,BÜNDNIS 90/DIE GRÜNEN,-0.007068236979226281,0.003608736722066864
Hanna Steinmüller,BÜNDNIS 90/DIE GRÜNEN,-0.03533801020894857,0.008822092004590948
Harald Ebner,BÜNDNIS 90/DIE GRÜNEN,-0.030166416059974426,0.006653976233198975
Helge Limburg,BÜNDNIS 90/DIE GRÜNEN,-0.03219636582135046,0.008502591433160326
Ingrid Nestle,BÜNDNIS 90/DIE GRÜNEN,-0.03138182554436047,0.007337246998190353
Irene Mihalic,BÜNDNIS 90/DIE GRÜNEN,-0.03529087710432946,0.009039426568379125
Jamila Anna Schäfer,BÜNDNIS 90/DIE GRÜNEN,-0.030656452871505684,0.008207226227381122
Jan-Niclas Gesenhues,BÜNDNIS 90/DIE GRÜNEN,-0.033017242446040235,0.008783158025261553
Janosch Dahmen,BÜNDNIS 90/DIE GRÜNEN,-0.03187828797131717,0.012933542211927999
Johannes F. Kretschmann,BÜNDNIS 90/DIE GRÜNEN,-0.0020396279573502755,0.0031420566927678646
Johannes Wagner,BÜNDNIS 90/DIE GRÜNEN,-0.03365259624216818,0.011387817385964326
Julia Verlinden,BÜNDNIS 90/DIE GRÜNEN,-0.03406617653986903,0.009221994125664157
Julian Pahlke,BÜNDNIS 90/DIE GRÜNEN,-0.030819767548914814,0.010451838053720677
Jürgen Kretz,BÜNDNIS 90/DIE GRÜNEN,-0.008411939633712045,0.0027882123829893997
Jürgen Trittin,BÜNDNIS 90/DIE GRÜNEN,-0.021802628324215177,0.00867349965514651
Kai Gehring,BÜNDNIS 90/DIE GRÜNEN,-0.03515854160586974,0.009065251062166073
Karl Bär,BÜNDNIS 90/DIE GRÜNEN,-0.03376343806022484,0.006128421163714072
Karoline Otte,BÜNDNIS 90/DIE GRÜNEN,-0.0315771674353061,0.007877337834061431
Kassem Taher Saleh,BÜNDNIS 90/DIE GRÜNEN,-0.034507172528591444,0.00812004338450561
Katharina Beck,BÜNDNIS 90/DIE GRÜNEN,-0.03276273136236858,0.011796053638170404
Katharina Dröge,BÜNDNIS 90/DIE GRÜNEN,-0.03506375354027507,0.006862830330890109
Kathrin Henneberger,BÜNDNIS 90/DIE GRÜNEN,-0.02930424716974792,0.003970943549039226
Katja Keul,BÜNDNIS 90/DIE GRÜNEN,-0.0325316020041196,0.008592062560611268
Katrin Göring-Eckardt,BÜNDNIS 90/DIE GRÜNEN,-0.03147865324501067,0.011909415440161377
Katrin Uhlig,BÜNDNIS 90/DIE GRÜNEN,-0.034314834269253296,0.010476780094436713
Kirsten Kappert-Gonther,BÜNDNIS 90/DIE GRÜNEN,-0.032890264392072245,0.009585503174638306
Konstantin von Notz,BÜNDNIS 90/DIE GRÜNEN,-0.03307278617717594,0.011999676407159347
Kordula Schulz-Asche,BÜNDNIS 90/DIE GRÜNEN,-0.03339347287730762,0.008499249671994691
Lamya Kaddor,BÜNDNIS 90/DIE GRÜNEN,-0.03112278168295318,0.010272085580887972
Laura Kraft,BÜNDNIS 90/DIE GRÜNEN,-0.032440012535958,0.006644441239710325
Leon Eckert,BÜNDNIS 90/DIE GRÜNEN,-0.034306197106077886,0.010435802430709186
Linda Heitmann,BÜNDNIS 90/DIE GRÜNEN,-0.03513640460061754,0.009163250934125384
Lisa Badum,BÜNDNIS 90/DIE GRÜNEN,-0.030123139704257566,0.009945712367785894
Lisa Paus,BÜNDNIS 90/DIE GRÜNEN,-0.02847326776689501,0.003153156341684572
Luise Amtsberg,BÜNDNIS 90/DIE GRÜNEN,-0.024469279203248658,4.9186041857585e-4
Lukas Benner,BÜNDNIS 90/DIE GRÜNEN,-0.034364373721170384,0.007503639267123148
Maik Außendorf,BÜNDNIS 90/DIE GRÜNEN,-0.035397354851850624,0.008955089122163827
Manuela Rottmann,BÜNDNIS 90/DIE GRÜNEN,-0.03212173992005586,0.006605171355472698
Marcel Emmerich,BÜNDNIS 90/DIE GRÜNEN,-0.03523086097943661,0.008813541460122412
Maria Klein-Schmeink,BÜNDNIS 90/DIE GRÜNEN,-0.030308394319110633,0.006907905968284346
Markus Kurth,BÜNDNIS 90/DIE GRÜNEN,-0.028508507669788002,0.009384614663784319
Marlene Schönberger,BÜNDNIS 90/DIE GRÜNEN,-0.03433119879161673,0.010307130776697173
Matthias Gastel,BÜNDNIS 90/DIE GRÜNEN,-0.03539735485185062,0.008955089122163824
Max Lucks,BÜNDNIS 90/DIE GRÜNEN,-0.03154670271339037,0.010659306909774872
Melis Sekmen,BÜNDNIS 90/DIE GRÜNEN,-0.02414721136710472,0.009826108038312563
Merle Spellerberg,BÜNDNIS 90/DIE GRÜNEN,-0.03254107199753429,0.006097784288574961
Michael Kellner,BÜNDNIS 90/DIE GRÜNEN,-0.031137765159395404,0.011154293755355644
Michael Sacher,BÜNDNIS 90/DIE GRÜNEN,-0.027468981858908476,0.00919052428800494
Misbah Khan,BÜNDNIS 90/DIE GRÜNEN,-0.035312421387322275,0.008409742171142993
Niklas Wagener,BÜNDNIS 90/DIE GRÜNEN,-0.03441240764404551,0.007555578819683524
Nina Stahr,BÜNDNIS 90/DIE GRÜNEN,-0.028156495781231226,0.00513414943175875
Nyke Slawik,BÜNDNIS 90/DIE GRÜNEN,-0.028618446304931752,0.011830923379495487
Oliver Krischer,BÜNDNIS 90/DIE GRÜNEN,-0.005405271892328555,0.0032678736978083624
Omid Nouripour,BÜNDNIS 90/DIE GRÜNEN,-0.030781523230939252,0.009398663882115936
Ophelia Nick,BÜNDNIS 90/DIE GRÜNEN,-0.03329215352555033,0.009334779110665355
Ottmar von Holtz,BÜNDNIS 90/DIE GRÜNEN,-0.009422143649918667,8.167071564714487e-4
Paula Piechotta,BÜNDNIS 90/DIE GRÜNEN,-0.03365692956929622,0.0099816703780729
Philip Krämer,BÜNDNIS 90/DIE GRÜNEN,-0.030397065341099823,0.0031173033374438997
Renate Künast,BÜNDNIS 90/DIE GRÜNEN,-0.035397351645217665,0.008937665141145761
Ricarda Lang,BÜNDNIS 90/DIE GRÜNEN,-0.027845499159082916,0.003158815666267131
Robert Habeck,BÜNDNIS 90/DIE GRÜNEN,-0.03317481631724203,0.01049603437506059
Robin Wagener,BÜNDNIS 90/DIE GRÜNEN,-0.029537539399738324,0.010161770185906194
Sabine Grützmacher,BÜNDNIS 90/DIE GRÜNEN,-0.022467268946261165,0.010984252534520773
Sandra Detzer,BÜNDNIS 90/DIE GRÜNEN,-0.034460319864591644,0.009164662017120065
Sara Nanni,BÜNDNIS 90/DIE GRÜNEN,-0.033462173266096074,0.010720059653062173
Sascha Müller,BÜNDNIS 90/DIE GRÜNEN,-0.035399145606594073,0.008890438647535276
Saskia Weishaupt,BÜNDNIS 90/DIE GRÜNEN,-0.0313768194439942,0.007171784452650979
Schahina Gambir,BÜNDNIS 90/DIE GRÜNEN,-0.031328729887634924,0.006407858800168304
Sebastian Schäfer,BÜNDNIS 90/DIE GRÜNEN,-0.033255061281993674,0.010552767457987779
Stefan Gelbhaar,BÜNDNIS 90/DIE GRÜNEN,-0.03315097209641593,0.00830393100933103
Stefan Schmidt,BÜNDNIS 90/DIE GRÜNEN,-0.03536202845303954,0.00898818135378757
Stefan Wenzel,BÜNDNIS 90/DIE GRÜNEN,-0.030440813362151216,0.01115155511197952
Steffi Lemke,BÜNDNIS 90/DIE GRÜNEN,-0.02027411638960991,0.003238627307174519
Stephanie Aeffner,BÜNDNIS 90/DIE GRÜNEN,-0.02808351333914138,0.00806176019570167
Susanne Menge,BÜNDNIS 90/DIE GRÜNEN,-0.032066448436178646,0.007370552760186387
Sven Lehmann,BÜNDNIS 90/DIE GRÜNEN,-0.030875183748732743,0.00864846154412499
Sven-Christian Kindler,BÜNDNIS 90/DIE GRÜNEN,-0.02536002937981899,0.011951501744692441
Swantje Michaelsen,BÜNDNIS 90/DIE GRÜNEN,-0.032037555788985386,0.012488883191949237
Tabea Rößner,BÜNDNIS 90/DIE GRÜNEN,-0.03315830088311059,0.006684242773594326
Tessa Ganserer,BÜNDNIS 90/DIE GRÜNEN,-0.02228978603328279,0.004241891321756208
Till Steffen,BÜNDNIS 90/DIE GRÜNEN,-0.033204742698075225,0.007521385774336411
Tina Winklmann,BÜNDNIS 90/DIE GRÜNEN,-0.033365011001988916,0.008251607554363084
Tobias B. Bacherle,BÜNDNIS 90/DIE GRÜNEN,-0.03350475154247618,0.009756793155892618
Tobias Lindner,BÜNDNIS 90/DIE GRÜNEN,-0.028268556890711016,0.007480139621274468
Ulle Schauws,BÜNDNIS 90/DIE GRÜNEN,-0.024457533447919268,0.010403466697976508
Uwe Kekeritz,BÜNDNIS 90/DIE GRÜNEN,-0.0017369548276746016,0.0015299856896157313
Wolfgang Strengmann-Kuhn,BÜNDNIS 90/DIE GRÜNEN,-0.030267237789667393,0.009046012134613094
Zoe Mayer,BÜNDNIS 90/DIE GRÜNEN,-0.03093079034714878,0.007047693790460153
Albert Rupprecht,CDU/CSU,0.05485066821141118,0.032848789933653914
Albert Stegemann,CDU/CSU,0.05257118519356756,0.030397066944692276
Alexander Dobrindt,CDU/CSU,0.054659391104841845,0.03299098074150819
Alexander Engelhard,CDU/CSU,0.04407737610949644,0.033052404366043446
Alexander Föhr,CDU/CSU,0.03212577584575578,0.01442549417915368
Alexander Hoffmann,CDU/CSU,0.056535420445939635,0.035410584133004824
Alexander Radwan,CDU/CSU,0.05618014172371507,0.03452585395935761
Alexander Throm,CDU/CSU,0.055185098782996544,0.03462732443819176
Alois Rainer,CDU/CSU,0.05677165116252601,0.0346317852364875
Andrea Lindholz,CDU/CSU,0.051009025988109837,0.03575347340864996
Andreas Jung,CDU/CSU,0.051821829753748265,0.028443328401903018
Andreas Lenz,CDU/CSU,0.053835725216532675,0.032589312353609005
Andreas Mattfeldt,CDU/CSU,0.04064924242349926,0.020838717539643455
Andreas Scheuer,CDU/CSU,0.03736294397482,0.029240484644370006
André Berghegger,CDU/CSU,0.03948416326587969,0.026518721327114178
Anja Karliczek,CDU/CSU,0.05455417848730155,0.03279513549065897
Anja Weisgerber,CDU/CSU,0.05405818876879057,0.032024374127237167
Anne Janssen,CDU/CSU,0.055381627820708525,0.036134864244620396
Anne König,CDU/CSU,0.04386931471499276,0.025850687081526092
Annette Widmann-Mauz,CDU/CSU,0.049005454841260426,0.03814373209344401
Ansgar Heveling,CDU/CSU,0.05548444022584352,0.032492404624155764
Antje Tillmann,CDU/CSU,0.051831776943048906,0.03758901078019148
Armin Laschet,CDU/CSU,0.044531192180961715,0.02208092165711281
Armin Schwarz,CDU/CSU,0.034701642016851685,0.022474838554224195
Artur Auernhammer,CDU/CSU,0.04877364802491673,0.03178197458109357
Astrid Damerow,CDU/CSU,0.0447389824013191,0.02864614436374804
Astrid Mannes,CDU/CSU,0.014601446450957307,0.006903817646655235
Astrid Timmermann-Fechter,CDU/CSU,0.042356836879484515,0.030664162724029918
Axel Knoerig,CDU/CSU,0.050036297646881917,0.029773506541487707
Axel Müller,CDU/CSU,0.05819294429253024,0.037117389183153215
Bernhard Loos,CDU/CSU,0.05477879063048193,0.030480130310226686
Bettina Wiesmann,CDU/CSU,0.01329929021053648,0.0061105833556318635
Björn Simon,CDU/CSU,0.052173626496124,0.031663411984601146
Carsten Brodesser,CDU/CSU,0.057957945214118366,0.03627632299225344
Carsten Körber,CDU/CSU,0.04700448868188218,0.029904499611717653
Carsten Linnemann,CDU/CSU,0.05454344281022125,0.03757674559905931
Carsten Müller,CDU/CSU,0.05690819626073374,0.036835234620007484
Catarina dos Santos-Wintz,CDU/CSU,0.05578136930508049,0.03298938827493227
Christian Haase,CDU/CSU,0.05149717833136037,0.03198125527954417
Christian Hirte,CDU/CSU,0.056492638012361644,0.034407736669522675
Christian von Stetten,CDU/CSU,0.056512311719569934,0.03530341480028889
Christiane Schenderlein,CDU/CSU,0.05370266882221647,0.030092056362254857
Christina Stumpp,CDU/CSU,0.04548858614921841,0.028918472389360666
Christoph Ploß,CDU/CSU,0.05849130461158194,0.037086999287938585
Christoph de Vries,CDU/CSU,0.05535040280606725,0.03450992221439971
Daniela Ludwig,CDU/CSU,0.05326792848616277,0.02946798099395309
Detlef Seif,CDU/CSU,0.0556904746917544,0.036003710999797045
Diana Stöcker,CDU/CSU,0.04237247874660838,0.03159843182215152
Dieter Stier,CDU/CSU,0.0540032214906912,0.02916162498399329
Dietrich Monstadt,CDU/CSU,0.05662673275495559,0.034097384715847376
Dorothee Bär,CDU/CSU,0.05192753276135894,0.03137897003413581
Elisabeth Winkelmeier-Becker,CDU/CSU,0.05138337214236631,0.034006388982161975
Emmi Zeulner,CDU/CSU,0.05260010237600348,0.026538278630623816
Enak Ferlemann,CDU/CSU,0.052523773666065164,0.03277172660802538
Erich Irlstorfer,CDU/CSU,0.03362843514181092,0.025369733589736945
Erwin Rüddel,CDU/CSU,0.055700849308712365,0.03947358328683763
Fabian Gramling,CDU/CSU,0.05237620015619221,0.03212985963712644
Felix Schreiner,CDU/CSU,0.05486447889153815,0.031614998370457406
Florian Hahn,CDU/CSU,0.051599329372423175,0.030337605980598936
Florian Müller,CDU/CSU,0.05195195697801335,0.03164548499731396
Florian Oßner,CDU/CSU,0.05677595077340102,0.03521727353092054
Franziska Hoppermann,CDU/CSU,0.056971062238122275,0.03391201260575698
Friedrich Merz,CDU/CSU,0.056097516376665234,0.03192660769721451
Fritz Güntzler,CDU/CSU,0.05291755719886042,0.028860408745469246
Georg Kippels,CDU/CSU,0.05523504162581783,0.03763603627194323
Gero Storjohann,CDU/CSU,0.004374515522619218,0.00397517876614932
Gitta Connemann,CDU/CSU,0.05132983951811697,0.029623117586678994
Gunther Krichbaum,CDU/CSU,0.05297213937966614,0.031142990924523595
Günter Krings,CDU/CSU,0.05037507465270501,0.031877577595415145
Hans-Jürgen Thies,CDU/CSU,0.05434824665464359,0.03205252763015051
Hans-Peter Friedrich,CDU/CSU,0.039165590012062455,0.016035938200467233
Hansjörg Durz,CDU/CSU,0.05785190472678431,0.036597844277717125
Heike Brehmer,CDU/CSU,0.03657080608830932,0.017980342140974395
Helge Braun,CDU/CSU,0.052325425052920975,0.03324371679778283
Hendrik Hoppenstedt,CDU/CSU,0.046336301378503655,0.03423023586801037
Henning Otte,CDU/CSU,0.05072893339583237,0.032647743706777886
Henning Rehbaum,CDU/CSU,0.052558583142630566,0.0342140384175025
Hermann Färber,CDU/CSU,0.051514340019229166,0.03154617336022904
Hermann Gröhe,CDU/CSU,0.05571429850182879,0.035030034664160055
Hermann-Josef Tebroke,CDU/CSU,0.056556012414388186,0.03530192948490933
Hubert Hüppe,CDU/CSU,0.05342183328546129,0.03645573715622286
Inge Gräßle,CDU/CSU,0.04974176637474659,0.03325719273859075
Ingmar Jung,CDU/CSU,0.03450319002115472,0.02374920608671715
Ingo Gädechens,CDU/CSU,0.05417827078959233,0.032284622454763844
Ingo Wellenreuther,CDU/CSU,0.002318210922435151,-0.002741891320375286
Ingrid Pahlmann,CDU/CSU,0.017237873098775447,0.008973313060528544
Jan Metzler,CDU/CSU,0.058015087153437055,0.03631815203701851
Jan-Marco Luczak,CDU/CSU,0.044001546090601286,0.025073927153676193
Jana Schimke,CDU/CSU,0.03873471156519219,0.022652564528425814
Jens Koeppen,CDU/CSU,0.026377378473898656,-0.012369157242517678
Jens Lehmann,CDU/CSU,0.054719817377978486,0.034142704064901386
Jens Spahn,CDU/CSU,0.0497467175986819,0.020811711814931487
Johann Wadephul,CDU/CSU,0.04916134940619522,0.032386232778866944
Johannes Steiniger,CDU/CSU,0.05590316939307819,0.035886327969241356
Jonas Geissler,CDU/CSU,0.05069715270474312,0.031624548512521146
Josef Oster,CDU/CSU,0.05131724393910848,0.03272008128375934
Josef Rief,CDU/CSU,0.05481490650529329,0.035448716473791844
Julia Klöckner,CDU/CSU,0.05159439892109307,0.03380966075753974
Jürgen Hardt,CDU/CSU,0.05174499579053,0.03258087362223217
Kai Whittaker,CDU/CSU,0.050558684605288166,0.033510906262598714
Katja Leikert,CDU/CSU,0.052010526722406324,0.027483418622452016
Katrin Staffler,CDU/CSU,0.04331133521231347,0.024932697793765824
Kerstin Radomski,CDU/CSU,0.051462915012165586,0.03084334742817772
Kerstin Vieregge,CDU/CSU,0.05037721102529545,0.035577775935929035
Klaus Mack,CDU/CSU,0.05587578290313433,0.03431078391321869
Klaus Wiener,CDU/CSU,0.055671086741463836,0.031332251503922985
Klaus-Peter Willsch,CDU/CSU,0.04549235853216488,0.0287082723895034
Knut Abraham,CDU/CSU,0.0582357894760521,0.035057575568965216
Lars Rohwer,CDU/CSU,0.05722867177013292,0.03583296210854923
Manfred Grund,CDU/CSU,0.038108474494797845,0.016030488261575538
Marc Biadacz,CDU/CSU,0.056759741083255204,0.035576273930097095
Marc Henrichmann,CDU/CSU,0.056691149497230316,0.03439169959790248
Marco Wanderwitz,CDU/CSU,0.046040951744346914,0.035713802559669015
Mareike Lotte Wulf,CDU/CSU,0.05710417623777717,0.033129793606335084
Maria-Lena Weiss,CDU/CSU,0.051772827805530136,0.033575819966888555
Mario Czaja,CDU/CSU,0.05088561671463323,0.023422720817493557
Mark Helfrich,CDU/CSU,0.05202679095259797,0.02987205728619344
Markus Grübel,CDU/CSU,0.05078370605538522,0.03248485044684834
Markus Koob,CDU/CSU,0.05214050548079826,0.034912123256675705
Markus Reichel,CDU/CSU,0.05842995185123224,0.03686114088745095
Markus Uhl,CDU/CSU,0.05673821881391942,0.03556947517329132
Marlon Bröhr,CDU/CSU,0.05421357142433638,0.03235023370550234
Martin Plum,CDU/CSU,0.05726497424214452,0.03811942705989911
Martina Englhardt-Kopf,CDU/CSU,0.05644620180442192,0.037424027617073016
Mathias Middelberg,CDU/CSU,0.0513884754850946,0.03231985264180289
Matthias Hauer,CDU/CSU,0.058508078444458815,0.03738726915604802
Max Straubinger,CDU/CSU,0.052981540296880174,0.026021148601146498
Maximilian Mörseburg,CDU/CSU,0.0565145070830722,0.03604964920671405
Mechthild Heil,CDU/CSU,0.042453810549676924,0.025302793459142
Mechthilde Wittmann,CDU/CSU,0.05628613665985853,0.0355768930633178
Melanie Bernstein,CDU/CSU,0.03305931358837285,0.016234555606521137
Michael Brand,CDU/CSU,0.04686754562711646,0.03235541044786016
Michael Breilmann,CDU/CSU,0.05091758341317507,0.033276444175780025
Michael Donth,CDU/CSU,0.056999386705582675,0.03516753107050816
Michael Frieser,CDU/CSU,0.04504501741338284,0.023886707532425173
Michael Grosse-Brömer,CDU/CSU,0.04867821990209394,0.03056369618405991
Michael Hennrich,CDU/CSU,0.02155878497519345,0.01679981380539231
Michael Kießling,CDU/CSU,0.05655841229145179,0.03523654758085113
Michael Meister,CDU/CSU,0.058489576261659265,0.03598228886927065
Monika Grütters,CDU/CSU,0.04802319345700548,0.03124174903495639
Moritz Oppelt,CDU/CSU,0.05020871718694011,0.03414766031842797
Nadine Schön,CDU/CSU,0.05039441421210665,0.025722601586830398
Nicolas Zippelius,CDU/CSU,0.050469285578756275,0.03248379332290972
Nina Warken,CDU/CSU,0.05195280957692468,0.032230337909592524
Norbert Maria Altenkamp,CDU/CSU,0.053230472963293515,0.03414450415102508
Norbert Röttgen,CDU/CSU,0.05064676279549176,0.03289498813939312
Olav Gutting,CDU/CSU,0.05326461060504264,0.023643692003960423
Oliver Grundmann,CDU/CSU,0.0513820523443711,0.035743622799562884
Oliver Vogt,CDU/CSU,0.058508078444458815,0.03738726915604802
Ottilie Klein,CDU/CSU,0.056597876793719096,0.03635046716311667
Patricia Lips,CDU/CSU,0.050177037852900376,0.029128360778424914
Patrick Schnieder,CDU/CSU,0.05613489100556147,0.03642287995618715
Paul Lehrieder,CDU/CSU,0.05820313316467963,0.037111448837751984
Paul Ziemiak,CDU/CSU,0.04693348797366147,0.023281014472243934
Peter Aumer,CDU/CSU,0.058508078444458815,0.03738726915604802
Peter Beyer,CDU/CSU,0.049275538905325135,0.028016380482400564
Peter Ramsauer,CDU/CSU,0.03639171198878783,0.018542414786582986
Petra Nicolaisen,CDU/CSU,0.05757936886544413,0.03596411203702275
Philipp Amthor,CDU/CSU,0.05444501772923799,0.03314194865118867
Ralph Brinkhaus,CDU/CSU,0.05528083430159901,0.032241591055371034
Ralph Edelhäußer,CDU/CSU,0.05367120458081025,0.033369330837415605
Reinhard Brandl,CDU/CSU,0.05247215580087135,0.032370994137329696
Roderich Kiesewetter,CDU/CSU,0.04593195924506316,0.03160015305398911
Ronja Kemmer,CDU/CSU,0.04375060257003297,0.028748418961154338
Sabine Weiss,CDU/CSU,0.04430814426232208,0.030902356372884215
Sebastian Brehm,CDU/CSU,0.0510719519375893,0.031542115319054924
Sepp Müller,CDU/CSU,0.057514857576088006,0.03564787913061434
Serap Güler,CDU/CSU,0.05442395452496435,0.03339259614018309
Silke Launert,CDU/CSU,0.05219384530477291,0.03103184657293281
Silvia Breher,CDU/CSU,0.04882786649258146,0.030407636385148113
Simone Borchardt,CDU/CSU,0.048344810673750134,0.02692446062707705
Stefan Heck,CDU/CSU,0.04990444000487433,0.03186085829322637
Stefan Kaufmann,CDU/CSU,0.010250847706339106,0.0038484094142432193
Stefan Müller,CDU/CSU,0.043942640782252906,0.033846243206770946
Stefan Nacke,CDU/CSU,0.05766116239780367,0.03610229185757311
Stefan Rouenhoff,CDU/CSU,0.05361957074719912,0.033807433937526034
Steffen Bilger,CDU/CSU,0.05566248971208757,0.0353395479733794
Stephan Albani,CDU/CSU,0.05614961684484916,0.03329820093919423
Stephan Mayer,CDU/CSU,0.04984369787466258,0.03205605425064597
Stephan Pilsinger,CDU/CSU,0.04730960567085106,0.029747559681995297
Stephan Stracke,CDU/CSU,0.056677935059995355,0.035156891950960424
Susanne Hierl,CDU/CSU,0.05588875957482762,0.039568655873179766
Thomas Bareiß,CDU/CSU,0.04562754947700568,0.028797161648527747
Thomas Erndl,CDU/CSU,0.05273414115819361,0.034690553530002805
Thomas Gebhart,CDU/CSU,0.051352018302624716,0.03467137839689762
Thomas Heilmann,CDU/CSU,0.04887994807755834,0.0322617330639673
Thomas Jarzombek,CDU/CSU,0.053226003673005,0.03303610067240559
Thomas Rachel,CDU/CSU,0.054600312787328575,0.035981351931529446
Thomas Röwekamp,CDU/CSU,0.052872246538229556,0.03233393841474106
Thomas Silberhorn,CDU/CSU,0.057780793018505326,0.036930008536369574
Thorsten Frei,CDU/CSU,0.05846031995849294,0.03666788323217105
Tilman Kuban,CDU/CSU,0.04883980803043129,0.027803571414210845
Tino Sorge,CDU/CSU,0.05214110715913951,0.029986900030658452
Tobias Winkler,CDU/CSU,0.05002859155423044,0.027962281569642408
Ulrich Lange,CDU/CSU,0.054561169078880194,0.032141349714163804
Ursula Groden-Kranich,CDU/CSU,-1.277363638641472e-4,-8.349791635163093e-7
Uwe Feiler,CDU/CSU,0.05208107206376119,0.02872453133221291
Volker Mayer-Lay,CDU/CSU,0.05607699471486521,0.03521485377323345
Volker Ullrich,CDU/CSU,0.057116104981459796,0.03631768451457924
Volkmar Klein,CDU/CSU,0.05486124028715354,0.03585269516198056
Wilfried Oellers,CDU/CSU,0.056069654982472295,0.03144921843988177
Wolfgang Schäuble,CDU/CSU,0.034689634691570444,0.017537175036127693
Wolfgang Stefinger,CDU/CSU,0.05469663845865359,0.035071625993956725
Yannick Bury,CDU/CSU,0.05176169976768056,0.03387815404818744
Yvonne Magwas,CDU/CSU,0.047984167383309996,0.033709709095591026
Alexander Ulrich,DIE LINKE.,0.009465253704012378,-0.04817271751607754
Ali Al-Dailami,DIE LINKE.,0.007738282978200706,-0.05743225523939504
Amira Mohamed Ali,DIE LINKE.,0.010075375029256107,-0.0506996814201774
Andrej Hunko,DIE LINKE.,0.006992824612246729,-0.05226024659308845
André Hahn,DIE LINKE.,0.007383885535543521,-0.05075355094799228
Anke Domscheit-Berg,DIE LINKE.,0.0033458256563580605,-0.03985731530830626
Ates Gürpinar,DIE LINKE.,0.007352272974934892,-0.049152669297655
Bernd Riexinger,DIE LINKE.,0.0028158064644901617,-0.047750096347406616
Caren Lay,DIE LINKE.,-4.641619249595154e-4,-0.03900136589518455
Christian Görke,DIE LINKE.,0.003435329466802945,-0.04904948989741612
Christian Leye,DIE LINKE.,0.002949544781242313,-0.04286997746059974
Clara Bünger,DIE LINKE.,0.004352004107725784,-0.042959977332456926
Cornelia Möhring,DIE LINKE.,0.004484425967295592,-0.02764296549740019
Dietmar Bartsch,DIE LINKE.,0.006013733828304261,-0.04978157438463115
Gesine Lötzsch,DIE LINKE.,0.005555846958264645,-0.05105517722680598
Gregor Gysi,DIE LINKE.,0.0035828498939637905,-0.04158822324303931
Gökay Akbulut,DIE LINKE.,0.007175779915725793,-0.04284133045353981
Heidi Reichinnek,DIE LINKE.,0.004266784570084298,-0.05493419838307386
Ina Latendorf,DIE LINKE.,0.005150191784564218,-0.045699826742946606
Jan Korte,DIE LINKE.,1.4126414312231974e-4,-0.034707838471439094
Janine Wissler,DIE LINKE.,0.005131831512958644,-0.0468149694750426
Jessica Tatti,DIE LINKE.,0.009395048582020933,-0.05569607887158222
Jörg Cezanne,DIE LINKE.,-0.0034287985429319497,-0.008439748044756024
Kathrin Vogler,DIE LINKE.,5.798138305762018e-4,-0.04279544757382776
Katja Kipping,DIE LINKE.,4.504174245379516e-4,5.810390663306237e-4
Klaus Ernst,DIE LINKE.,0.008780113436762951,-0.048981770505142096
Martina Renner,DIE LINKE.,0.00468820388960344,-0.03502606043940379
Matthias W. Birkwald,DIE LINKE.,0.0048931157593531316,-0.056572609151482066
Nicole Gohlke,DIE LINKE.,0.006307554895897586,-0.0449262667786722
Pascal Meiser,DIE LINKE.,0.010357510386549909,-0.037937371892568746
Petra Pau,DIE LINKE.,0.006791491559146128,-0.04332744887667524
Petra Sitte,DIE LINKE.,0.004872951981569677,-0.05400214900281288
Ralph Lenkert,DIE LINKE.,0.002680380572807205,-0.05076667285022519
Sahra Wagenknecht,DIE LINKE.,0.006678270497544683,-0.036621041469664085
Sevim Dağdelen,DIE LINKE.,0.009888366988855557,-0.03065389266380957
Susanne Ferschl,DIE LINKE.,0.002126898506004136,-0.0370426097565687
Susanne Hennig-Wellsow,DIE LINKE.,0.002249450453842424,-0.036904636850241056
Sören Pellmann,DIE LINKE.,0.0047108094250618545,-0.043531678487492176
Thomas Lutze,DIE LINKE.,-0.006752251785998337,-0.041307370764329436
Victor Perli,DIE LINKE.,0.0067126116312424796,-0.04893384268328778
Zaklin Nastić,DIE LINKE.,0.007192274118717807,-0.05568119639964945
Alexander Graf Lambsdorff,FDP,-0.013717410034592804,-0.0011025556543895708
Alexander Müller,FDP,-0.027659377675388837,0.0019172847129784979
Andrew Ullmann,FDP,-0.02944576805227629,0.004859153937245827
Anikó Glogowski-Merten,FDP,-0.03226839538045133,0.004940218679386668
Anja Schulz,FDP,-0.030059333806797792,0.0024929056662800217
Ann-Veruschka Jurisch,FDP,-0.02769956214874878,0.005300112216552503
Benjamin Strasser,FDP,-0.030141641563097035,0.004145467202245801
Bernd Reuther,FDP,-0.02892514591014922,0.0016593943121554731
Bettina Stark-Watzinger,FDP,-0.02362375655887365,0.005494453798142095
Bijan Djir-Sarai,FDP,-0.027298871657775944,0.0015699696182127595
Carina Konrad,FDP,-0.028571293721084023,0.0063572693511176805
Carl-Julius Cronenberg,FDP,-0.027842198021203114,0.0041573872522089736
Christian Bartelt,FDP,-0.012063787647196298,7.503437170469292e-4
Christian Dürr,FDP,-0.028868554762514383,0.005673955912392212
Christian Lindner,FDP,-0.017881206238613712,-0.0018548368716886552
Christian Sauter,FDP,-0.024431140988280618,0.004897547273921685
Christine Aschenberg-Dugnus,FDP,-0.028948208215547607,0.0017925726335763202
Christoph Hoffmann,FDP,-0.024928037178327235,0.002982791318577904
Christoph Meyer,FDP,-0.02940415868135517,0.0034470149619043318
Claudia Raffelhüschen,FDP,-0.03081110804563819,0.002139378708486978
Daniel Föst,FDP,-0.02723587775613648,0.0036775796597069625
Daniela Kluckert,FDP,-0.022645641254900723,-0.006562875334815279
Fabian Griewel,FDP,-8.162963318913046e-4,-0.0025301230454389725
Florian Toncar,FDP,-0.027576140400908767,0.005765084247146039
Frank Müller-Rosentritt,FDP,-0.0280836677601071,0.005215791315806174
Frank Schäffler,FDP,-0.028604397938418815,0.0016090161369274785
Friedhelm Boginski,FDP,-0.031007011846788522,0.00212611372405205
Gerald Ullrich,FDP,-0.0258475664148029,0.0011269378387900116
Gero Hocker,FDP,-0.03025565969017108,0.0025752661409153203
Gyde Jensen-Bornhöft,FDP,-0.026772859564501976,0.0023057618577060172
Hagen Reinhold,FDP,-0.01423319575833306,0.002748583000865695
Ingo Bodtke,FDP,-0.02863136930711128,0.004213972650221911
Jens Beeck,FDP,-0.028853209729169285,0.006093545692165983
Jens Brandenburg,FDP,-0.0303821257242946,0.005100597359358587
Jens Teutrine,FDP,-0.027709439259080277,9.315156054037217e-4
Johannes Vogel,FDP,-0.023575247561556836,4.3499941371467383e-4
Judith Skudelny,FDP,-0.027664139043352808,0.0041652207228178376
Julian Simon Grünke,FDP,-8.162963318913046e-4,-0.0025301230454389725
Jürgen Lenders,FDP,-0.029810951133703887,0.0034897344343483424
Karlheinz Busen,FDP,-0.02488862936191798,9.195048886811825e-4
Karsten Klein,FDP,-0.030946482807119622,0.005093215307323886
Katharina Willkomm,FDP,-0.012145330271209762,7.037981525944512e-4
Katja Adler,FDP,-0.025218175759717045,0.0061164084213947405
Katja Hessel,FDP,-0.027759617139940084,0.002033575757132067
Katrin Helling-Plahr,FDP,-0.030828641598517482,0.00513057780554994
Knut Gerschau,FDP,-0.030466775455662082,0.0012955115675181658
Konrad Stockmeier,FDP,-0.030337568481855284,0.005794001977283322
Konstantin Kuhle,FDP,-0.030433952759226567,0.00332370091969292
Kristine Lütke,FDP,-0.03139891408136451,0.0012376222853930294
Lars Lindemann,FDP,-0.023517563966515637,0.006967566046097965
Linda Teuteberg,FDP,-0.02374653703321025,0.0059922476812620026
Lukas Köhler,FDP,-0.02844278060819188,0.0035077194576322366
Manfred Todtenhausen,FDP,-0.029328581041361504,0.001990287632446868
Manuel Höferlin,FDP,-0.0295279215557268,0.005696268519953806
Marco Buschmann,FDP,-0.02621184832633465,0.0038979554420410785
Marcus Faber,FDP,-0.0241761084476091,0.002691070858379469
Marie-Agnes Strack-Zimmermann,FDP,-0.02360283936684985,0.009570482597203837
Mario Brandenburg,FDP,-0.03021563058464353,4.616981846025661e-4
Markus Herbrand,FDP,-0.030156623220798692,0.00197003379736531
Martin Gassner-Herz,FDP,-0.029854210636507728,0.002663863436644101
Matthias Seestern-Pauly,FDP,-0.026025423312004782,0.0027354728983058777
Max Mordhorst,FDP,-0.025961530375373014,0.001017017580732523
Maximilian Funke-Kaiser,FDP,-0.030430033666685292,0.0017538196867733376
Michael Kruse,FDP,-0.029808262059448483,0.002730497246757144
Michael Link,FDP,-0.022700124021152106,0.0032545031130416405
Michael Theurer,FDP,-0.020730914554446835,0.005495036391795311
Muhanad Al-Halak,FDP,-0.03086229954159052,0.0022229402467048615
Nico Tippelt,FDP,-0.02346877051248787,0.00777153089036823
Nicole Bauer,FDP,-0.016833964502257232,-0.006691303463940156
Nicole Westig,FDP,-0.029074394098878194,0.0023081142023077604
Nils Gründer,FDP,-0.023696496362769864,0.0011834624491987964
Olaf in der Beek,FDP,-0.0314110014682471,0.0022979679145733916
Oliver Luksic,FDP,-0.025500424531472683,0.004012124704287106
Otto Fricke,FDP,-0.030545750783423958,0.003344017321349468
Pascal Kober,FDP,-0.026942949360425676,0.00105735317248777
Peter Heidt,FDP,-0.02957752584976786,0.00185030505442675
Philipp Hartewig,FDP,-0.030509420238759456,3.3402852648503406e-4
Rainer Semet,FDP,-0.02789219021598595,0.0035570441025798765
Reginald Hanke,FDP,-0.022675184867028565,0.0035319087014947697
Reinhard Houben,FDP,-0.03040087620302489,0.003977807183468029
Renata Alt,FDP,-0.028400530904147875,0.007318634705747949
Ria Schröder,FDP,-0.030316026039579277,0.005013178805049084
Sandra Bubendorfer-Licht,FDP,-0.03019276553120319,0.003961021251970956
Sandra Weeser,FDP,-0.02355745514723405,-0.002760275416023446
Stephan Seiter,FDP,-0.030931230465238768,0.006623316962122611
Stephan Thomae,FDP,-0.03125134463285092,9.070066436118445e-4
Thomas Hacker,FDP,-0.03018345296041253,0.004893668005127929
Thomas Sattelberger,FDP,-0.007144101046225558,0.002111656280471236
Thorsten Lieb,FDP,-0.03039100992977041,0.0018969364499715334
Till Mansmann,FDP,-0.02818603684600679,0.0018005586874540178
Tim Wagner,FDP,-0.004613653070994365,-0.004060528293568646
Torsten Herbst,FDP,-0.03091713786284096,0.0022938967903629835
Ulrich Lechte,FDP,-0.027090295389792497,0.0015061048945275112
Ulrike Harzer,FDP,-0.022938973680427247,-0.0027267725003963625
Valentin Abel,FDP,-0.030625968632268102,0.004574319754672354
Volker Redder,FDP,-0.026999997206642475,0.005871219367060755
Volker Wissing,FDP,-0.02436750417096339,0.008473194673190902
Wolfgang Kubicki,FDP,-0.016872139224436065,2.654000674955568e-4
Achim Post,SPD,-0.031846352141719846,0.01112006373190818
Adis Ahmetović,SPD,-0.030490707999346934,0.007508521876302324
Alexander Bartz,SPD,-0.022322566937871078,0.007114450561167976
Ana-Maria Trăsnea,SPD,-0.010165870491789004,0.002011227165418749
Andreas Larem,SPD,-0.032587481471926014,0.00905187717825832
Andreas Mehltretter,SPD,-0.03354184736624922,0.009171509483627145
Andreas Philippi,SPD,-0.014348751398664086,0.0034046611831002336
Andreas Rimkus,SPD,-0.03228542206326666,0.010459978327768436
Andreas Schwarz,SPD,-0.03168748692708813,0.007856335064628949
Anette Kramme,SPD,-0.02745971265052399,0.008506909846226533
Angela Hohmann,SPD,-0.007367738690577223,0.0031717255293705116
Angelika Glöckner,SPD,-0.0321165876129786,0.01187115154065768
Anja Troff-Schaffarzyk,SPD,-0.03430801422087367,0.010999027979948279
Anke Hennig,SPD,-0.03282887755408206,0.00865597943926866
Anna Kassautzki,SPD,-0.02700120846949979,0.0103078187667478
Annika Klose,SPD,-0.033512367895260506,0.0097027910993715
Ariane Fäscher,SPD,-0.031280795387823856,0.007700107746147431
Armand Zorn,SPD,-0.0344679793715309,0.00851963112887825
Axel Echeverria,SPD,-0.03362250791352684,0.006381420493940599
Axel Schäfer,SPD,-0.031311458904876924,0.006845359909755178
Aydan Özoğuz,SPD,-0.0307557095165521,0.009979019567088665
Bengt Bergt,SPD,-0.03544961661420746,0.008731641303249865
Bernd Rützel,SPD,-0.03370934409850021,0.011278104458900543
Bernd Westphal,SPD,-0.032427305937961774,0.008338305694861006
Bernhard Daldrup,SPD,-0.033761376260926554,0.006549562513647581
Bettina Hagedorn,SPD,-0.03567321323514368,0.0085314511970381
Bettina Lugk,SPD,-0.03127837204303053,0.011343341132023175
Bettina Müller,SPD,-0.02186625206998488,0.007500103261084415
Brian Nickholz,SPD,-0.035690111898739524,0.008537537722655532
Bärbel Bas,SPD,-0.034534714760408494,0.008962227807153748
Bärbel Kofler,SPD,-0.03306893019000545,0.006508748199879143
Cansel Kiziltepe,SPD,-0.014288454999183225,0.003302402778856632
Carlos Kasper,SPD,-0.03328272437010517,0.01004480277451416
Carmen Wegge,SPD,-0.0344470480320348,0.008194095745611883
Carolin Wagner,SPD,-0.0327801927123448,0.0060494407936478424
Carsten Schneider,SPD,-0.030176507852792675,0.00707910026459106
Carsten Träger,SPD,-0.03566544145099157,0.008490672023690998
Christian Petry,SPD,-0.022181296488870624,0.0046161974304965315
Christian Schreider,SPD,-0.03131297265777295,0.008622884521337122
Christoph Schmid,SPD,-0.0324204265883606,0.009127706979820478
Christos Pantazis,SPD,-0.028631993177487058,0.0043637563561142985
Claudia Moll,SPD,-0.0303247638777754,0.00808786187579797
Claudia Tausend,SPD,-0.035110157925866456,0.008216128165839134
Dagmar Andres,SPD,-0.027093595155267134,0.011970121193856221
Dagmar Schmidt,SPD,-0.03286800315083687,0.009405921897020721
Daniel Baldy,SPD,-0.032609195851901765,0.00917756989977172
Daniel Rinkert,SPD,-0.024697316715472158,0.004150863922213323
Daniel Schneider,SPD,-0.03131434751877591,0.007413901115436326
Daniela De Ridder,SPD,-0.02029506817778229,0.004887338390110319
Dennis Rohde,SPD,-0.03180142223653701,0.011449903079294119
Derya Türk-Nachbaur,SPD,-0.03095875418873247,0.00663894700469192
Detlef Müller,SPD,-0.03569356288242223,0.008463336799549864
Dietmar Nietan,SPD,-0.027142877509774923,0.009765870566670791
Dirk Heidenblut,SPD,-0.030368914319898254,0.004306233175535581
Dirk Vöpel,SPD,-0.035004799801304796,0.00901306539179293
Dirk Wiese,SPD,-0.0347846369578224,0.007665751106868981
Dirk-Ulrich Mende,SPD,-0.019008985372011424,0.00823384560123251
Dorothee Martin,SPD,-0.03275057150987784,0.008077562195011576
Dunja Kreiser,SPD,-0.031911591488697745,0.004723934114442577
Edgar Franke,SPD,-0.031977055173377185,0.006172215029611401
Elisabeth Kaiser,SPD,-0.03500519979002117,0.008782663411592662
Emily Vontz,SPD,-0.020582584297010608,0.00544133679087137
Erik von Malottki,SPD,-0.02611640030381143,-2.89492945029012e-4
Esra Limbacher,SPD,-0.03273229352814599,0.00867357867853056
Esther Dilcher,SPD,-0.034079744486438475,0.009591740265629794
Fabian Funke,SPD,-0.03466662813594292,0.008971612058017171
Falko Droßmann,SPD,-0.03285020988035791,0.006224201702095589
Falko Mohrs,SPD,-0.010737552827946547,0.003971541558323934
Felix Döring,SPD,-0.034545617410045935,0.010062161568211598
Frank Junge,SPD,-0.03270030740084931,0.006796071896521425
Frank Schwabe,SPD,-0.027249277503169276,0.008701373736420536
Frank Ullrich,SPD,-0.03082107571540077,0.007989177864504463
Franziska Kersten,SPD,-0.0339144829863358,0.010855765371230498
Franziska Mascheck,SPD,-0.033777500966587354,0.009938583024840318
Frauke Heiligenstadt,SPD,-0.03334235638032666,0.012183619659692934
Gabriela Heinrich,SPD,-0.03211317662859403,0.00765454256358268
Gabriele Katzmarek,SPD,-0.02582287713244598,0.00743600608978757
Gülistan Yüksel,SPD,-0.028762199931328572,0.011924527532234616
Hakan Demir,SPD,-0.03446860598558588,0.009030692699135638
Hannes Walter,SPD,-0.033728868024393954,0.009297843300965891
Heike Baehrens,SPD,-0.033925052920859095,0.010860547416661287
Heike Engelhardt,SPD,-0.03304429792592636,0.007580926507195998
Heike Heubach,SPD,-0.007175255636105422,0.00388467518821307
Heiko Maas,SPD,-0.005623079229089562,-0.002123579951073585
Helge Lindh,SPD,-0.03536817865969751,0.008593045692558568
Helmut Kleebank,SPD,-0.03160585894290294,0.008210193851725249
Herbert Wollmann,SPD,-0.03449185542170747,0.009704146289794158
Holger Becker,SPD,-0.03284634385236339,0.005083949036680751
Holger Mann,SPD,-0.03150450904507167,0.009061947591231268
Hubertus Heil,SPD,-0.02887255196673224,0.00779502907920958
Ingo Schäfer,SPD,-0.03163945881384143,0.009471416514172356
Isabel Cademartori,SPD,-0.03342280117120548,0.008605079765668605
Isabel Mackensen-Geis,SPD,-0.03370269585437035,0.009083459031170494
Jakob Blankenburg,SPD,-0.03560762471324402,0.008249887016346684
Jan Dieren,SPD,-0.03473288958521463,-0.022904222467537334
Jan Plobner,SPD,-0.03432553818771476,0.007809010362476982
Jasmina Hostert,SPD,-0.03439799582346914,0.00917766879214023
Jens Peick,SPD,-0.035690111898739524,0.008537537722655532
Jens Zimmermann,SPD,-0.03398025031287606,0.009304067048484846
Jessica Rosenthal,SPD,-0.025504543372555578,0.011115181843774713
Joe Weingarten,SPD,-0.023777819731120614,0.006214946983433343
Johann Saathoff,SPD,-0.030854222196618826,0.004097889551976867
Johannes Arlt,SPD,-0.02945671142864671,0.007750608048675676
Johannes Fechner,SPD,-0.03444923629590249,0.010287613127170815
Johannes Schraps,SPD,-0.03315090945361946,0.006706320616038038
Johannes Schätzl,SPD,-0.02846737621042415,0.011661048617543465
Josephine Ortleb,SPD,-0.024544263481879134,0.0086137777666006991
Josip Juratovic,SPD,-0.02872866529093517,0.008843083455751327
Jörg Nürnberger,SPD,-0.03430801422087367,0.010999027979948279
Jürgen Berghahn,SPD,-0.029010044526883653,0.007809542130308188
Jürgen Coße,SPD,-0.031286178556835034,0.009415474528053986
Karamba Diaby,SPD,-0.0351002815306357,0.008930236615778266
Karl Lauterbach,SPD,-0.02682781306977275,0.003651653089173632
Kathrin Michel,SPD,-0.03344202602007278,0.010716200662043675
Katja Mast,SPD,-0.030979036417063628,0.012652632919194102
Katrin Budde,SPD,-0.033534321031991346,0.009489485010500835
Katrin Zschau,SPD,-0.03510622872637042,0.008495289619697257
Kaweh Mansoori,SPD,-0.024754508928249284,0.007330692843314823
Kerstin Griese,SPD,-0.029805349006602432,0.008422620346605875
Kevin Kühnert,SPD,-0.03410409512204928,0.006974527413223335
Kevin Leiser,SPD,-0.034056470268483005,0.011216833917590074
Kristian Klinck,SPD,-0.03231273463104219,0.011650107975470171
Lars Castellucci,SPD,-0.03000544219190485,0.007889450805964666
Lars Klingbeil,SPD,-0.030603897240799875,0.008136651780301611
Lena Werner,SPD,-0.02765162966717558,0.003366758673319315
Leni Breymaier,SPD,-0.03544109967046465,0.008619030457597314
Lennard Oehl,SPD,-0.031055004290327565,0.0077595860434562704
Lina Seitzl,SPD,-0.027834870386755427,0.010882310472801261
Lucia Schanbacher,SPD,-0.0020396279573502707,0.0031420566927678624
Luiza Licina-Bode,SPD,-0.03143612430200111,0.008457738016135134
Macit Karaahmetoğlu,SPD,-0.030721394770942233,0.009782982085298566
Mahmut Özdemir,SPD,-0.03522369913732902,0.011561759924010206
Maja Wallstein,SPD,-0.031143619547673432,0.008117439493149975
Manuel Gava,SPD,-0.019904805495790934,0.0034175555453974504
Marianne Schieder,SPD,-0.03311105026355318,0.010986165133650578
Marja-Liisa Völlers,SPD,-0.03565385494217457,0.008599904321021992
Markus Hümpfer,SPD,-0.03566691484286695,0.00856720686884084
Markus Töns,SPD,-0.034063275345940676,0.006862086934799177
Martin Diedenhofen,SPD,-0.0299082338774522,0.005719341007310005
Martin Gerster,SPD,-0.03323624692461452,0.011822329009316668
Martin Kröber,SPD,-0.035568642776245926,0.0076542022957309256
Martin Rabanus,SPD,-0.0094701889685230509,0.0020156476340126494
Martin Rosemann,SPD,-0.03270462219368659,0.009295722688532532
Martina Stamm-Fibich,SPD,-0.03380898744088058,0.007619154668643589
Mathias Papendieck,SPD,-0.03209411463471387,0.008563823003194446
Mathias Stein,SPD,-0.03532610039887394,0.00829118974890243
Matthias Miersch,SPD,-0.03479416591567516,0.00908329843541929
Matthias Mieves,SPD,-0.035690111898739524,0.008537537722655532
Melanie Wegling,SPD,-0.031038533219885596,0.006454741239972337
Metin Hakverdi,SPD,-0.0328642053106199,0.008595325442748391
Michael Gerdes,SPD,-0.03174023038921268,0.010627342327869018
Michael Müller,SPD,-0.032945100692596804,0.010445552362352424
Michael Roth,SPD,-0.02856445283169264,0.008387215768269549
Michael Schrodi,SPD,-0.034158137982444894,0.010589788958045923
Michael Thews,SPD,-0.03167253883487344,0.0056639989972523865
Michelle Müntefering,SPD,-0.02843576571843283,0.011484675427456893
Nadine Heselhaus,SPD,-0.03428940881788311,0.009472831612876301
Nadine Ruf,SPD,-0.009227901962438076,0.0021310571962314165
Nadja Sthamer,SPD,-0.02959415808001259,-0.0027936976601290867
Natalie Pawlik,SPD,-0.031361558946013765,0.00408300129396848
Nezahat Baradari,SPD,-0.030354894020747997,0.00779686136431614
Niels Annen,SPD,-0.02986643010424324,0.008875425321269708
Nils Schmid,SPD,-0.03385491181233856,0.009681274570659027
Nina Scheer,SPD,-0.03487704053605197,0.008968502094293647
Olaf Scholz,SPD,-0.021340852496984652,0.0038503615180880764
Oliver Kaczmarek,SPD,-0.03430801422087367,0.010999027979948279
Parsa Marvi,SPD,-0.03312724498998106,0.010296930319409231
Peggy Schierenbeck,SPD,-0.028621256254407746,0.007874261975243019
Rainer Keller,SPD,-0.006239326760687876,0.003097268916158928
Ralf Stegner,SPD,-0.031199886795824333,0.012173113569720341
Rasha Nasr,SPD,-0.03132502814133951,0.0076544195746647056
Rebecca Schamber,SPD,-0.029536506491836312,0.00555521378209692
Reem Alabali Radovan,SPD,-0.03044764274401661,0.009486335176704285
Rita Hagl-Kehl,SPD,-0.03455259318626738,0.009329854748686953
Rita Schwarzelühr-Sutter,SPD,-0.03349707940903343,0.009767728683724799
Robin Mesarosch,SPD,-0.03391348019049805,0.008833589252413435
Rolf Mützenich,SPD,-0.028606159642110884,0.009408741121115012
Ruppert Stüwe,SPD,-0.036240768730166524,-0.008688092651875258
Sabine Dittmar,SPD,-0.033230083963891745,0.00854714496358552
Sabine Poschmann,SPD,-0.034299570282755876,0.009366745238414487
Sanae Abdi,SPD,-0.030083384777362172,0.00682656108232826
Sarah Lahrkamp,SPD,-0.03188718811433066,0.010590071786550194
Sarah Ryglewski,SPD,-0.025040122575097867,0.003089989617895135
Saskia Esken,SPD,-0.030198130085103032,0.004604461926440058
Sebastian Fiedler,SPD,-0.02864015728131138,0.006039055957711478
Sebastian Hartmann,SPD,-0.03166842413686592,0.010342751164947957
Sebastian Roloff,SPD,-0.03416825717343641,0.007875340204205904
Siemtje Möller,SPD,-0.0310205901779789,0.008971878241261966
Simona Koß,SPD,-0.03230509286342844,0.010777446181858613
Sonja Eichwede,SPD,-0.03432523690688475,0.00893545021527922
Stefan Schwartze,SPD,-0.026307279830822337,0.006256445457464607
Stefan Zierke,SPD,-0.030849489021662,0.0074329285105322294
Susanne Mittag,SPD,-0.03436858906692387,0.009209781782771645
Svenja Schulze,SPD,-0.033799663578059067,0.008441346626728597
Svenja Stadler,SPD,-0.03281845164638912,0.008546230262608848
Sylvia Lehmann,SPD,-0.03227452539917669,0.009049393624465706
Sönke Rix,SPD,-0.034360864537615596,0.009523332894928516
Sören Bartol,SPD,-0.034578555468833934,0.010268266300692995
Takis Mehmet Ali,SPD,-0.031033038235844076,0.007618838000854322
Tanja Machalet,SPD,-0.03366585757234696,0.011149023492945125
Thomas Hitschler,SPD,-0.03317311883692247,0.009443603682625848
Thorsten Rudolph,SPD,-0.034283375607837514,0.010989705246468837
Tim Klüssendorf,SPD,-0.035690111898739524,0.008537537722655532
Timo Schisanowski,SPD,-0.03299340963020606,0.010699012721104472
Timon Gremmels,SPD,-0.023624947241173443,0.00653865712725221
Tina Rudolph,SPD,-0.03611994063481847,0.006180915996036205
Udo Schiefner,SPD,-0.02943879841307533,0.009902923585035677
Uli Grötsch,SPD,-0.026060493057018755,0.007219935075481992
Ulrike Bahr,SPD,-0.03593521552204588,0.001998066350054276
Uwe Schmidt,SPD,-0.029413498404159726,0.009268783722515345
Verena Hubertz,SPD,-0.03367004756699979,0.006345796505408504
Wiebke Esdar,SPD,-0.030673681444758967,0.007279453086870136
Wiebke Papenbrock,SPD,-0.029151735479490376,0.005271916306909337
Wolfgang Hellmich,SPD,-0.031112013865752748,0.0054518881005851715
Yasmin Fahimi,SPD,-0.002274607392264448,9.522756291754184e-4
Ye-One Rhie,SPD,-0.03439385720961651,0.008791855067085255
Zanda Martens,SPD,-0.035633691572459124,0.008552302678036243
Joana Cotar,fraktionslos,0.018861663928430215,-0.054006300722933887
Johannes Huber,fraktionslos,0.03731050109980616,-0.07851829773446442
Matthias Helferich,fraktionslos,0.031410582334889546,-0.09214412287510025
Robert Farle,fraktionslos,0.029576220374156397,-0.09606070718692786
Stefan Seidler,fraktionslos,-0.01387227489843476,0.005936519943578308
Uwe Witt,fraktionslos,2.187874922256707e-4,-0.002018987507728021
