name,estimate,lo,hi,err,party
Achim Post,-1.1891001808936532,-0.44015437294537435,-2.3774314968410133,0.6058999420820207,SPD
Adis Ahmetović,-0.7253101214811004,-0.2788363346492212,-1.2556119986187575,0.2830263534340078,SPD
Agnieszka Brugger,-0.8946026257312746,-0.36211987284525327,-1.3032807402936637,0.24195586437716507,BÜNDNIS 90/DIE GRÜNEN
Albert Rupprecht,1.03547670801574,1.1156891467671397,0.8932947596736192,0.06399980630327215,CDU/CSU
Albert Stegemann,0.9128964081640956,1.0477010288548638,0.808626059400229,0.069592635019158,CDU/CSU
Albrecht Glaser,1.435228027048362,1.5240553625775668,1.4045680287506324,0.02973916891587704,AfD
Alexander Bartz,-0.58084951292272,0.1154681240880924,-1.9130724305796525,0.5739343840659411,SPD
Alexander Dobrindt,0.982244822759431,1.06905180548967,0.8539616855246994,0.061131620659728145,CDU/CSU
Alexander Engelhard,0.9266074515897614,1.0218651210099137,0.8196358811973806,0.05403718238916626,CDU/CSU
Alexander Föhr,0.9946468152517628,1.11429300155297,0.8594538095716218,0.0645875139579299,CDU/CSU
Alexander Gauland,1.5865192360562355,1.7566957903727163,1.4381055147583939,0.09398436075051345,AfD
Alexander Graf Lambsdorff,-0.34586426132827763,0.16435822714306966,-1.1020748919357164,0.36687634906517036,FDP
Alexander Hoffmann,0.9299771911342761,1.0157982389398126,0.8648206233794924,0.04148652322762044,CDU/CSU
Alexander Müller,-0.3004041373243798,0.05927457764225458,-0.5972047503812855,0.17530176705972492,FDP
Alexander Radwan,0.9686027325787965,1.0549449161970008,0.8430434999191425,0.06350717528055037,CDU/CSU
Alexander Throm,0.965466055733122,1.0530302221885808,0.8817274114985814,0.04595986829683823,CDU/CSU
Alexander Ulrich,1.3835216380047173,1.3998891583058521,1.3585485075643668,0.012510197914677447,DIE LINKE.
Ali Al-Dailami,1.3826237417401086,1.398994490522433,1.3607087452590676,0.010513462770978714,DIE LINKE.
Alice Weidel,1.5181449682711745,1.6167402804923314,1.4176554438649216,0.052549225200295854,AfD
Alois Rainer,0.9701212146193605,1.075140742823316,0.8270003079508167,0.060799928903205736,CDU/CSU
Amira Mohamed Ali,1.3807051633934952,1.3984988646114251,1.357963786046859,0.011399948067174266,DIE LINKE.
Ana-Maria Trăsnea,-0.8975764328017131,0.1355632765303086,-2.1388446661996685,0.6590022856060719,SPD
André Berghegger,0.9415276655500981,1.0478721465113205,0.81805653368994,0.06005999134994985,CDU/CSU
André Hahn,1.3491046940617943,1.3766641622310822,1.2960727455289074,0.019495102576426667,DIE LINKE.
Andrea Lindholz,0.9472418864421406,1.0575876279862841,0.8466468259738085,0.059016115118638864,CDU/CSU
Andreas Audretsch,-0.8115954033600848,-0.20794000645304894,-1.6900829007462668,0.40143708112129506,BÜNDNIS 90/DIE GRÜNEN
Andreas Bleck,1.473639964068643,1.5672065293991397,1.4014273593126316,0.042664278091258535,AfD
Andreas Jung,0.97076985574804,1.0704413066281095,0.8356381043931417,0.06421196032988001,CDU/CSU
Andreas Larem,-1.5560756741328459,-0.4286859295055838,-2.800223112833301,0.7154965459837507,SPD
Andreas Lenz,0.9632372422227656,1.0501522382312618,0.8266749439653808,0.053001855521779426,CDU/CSU
Andreas Mattfeldt,0.9814771054066579,1.071200089033445,0.8669077176246106,0.06124056668132268,CDU/CSU
Andreas Mehltretter,-1.1915142602835096,-0.4114696383039768,-2.1379717453552995,0.5246326321146543,SPD
Andreas Philippi,-0.7369794994031584,0.0942492082238951,-1.6524576638488637,0.4770804029907012,SPD
Andreas Rimkus,-0.642224702378987,-0.24509305273974843,-0.9270457756063192,0.18008697383238678,SPD
Andreas Scheuer,0.9808027555972072,1.0914586709140806,0.8425033242707238,0.06659959938720157,CDU/CSU
Andreas Schwarz,-0.7770040071783211,-0.13699397437892344,-1.2076708434601962,0.29571554077853146,SPD
Andrej Hunko,1.3816311935076344,1.3983072937871275,1.3607771770433765,0.011432472725225013,DIE LINKE.
Andrew Ullmann,-0.6378034237121335,-0.042803408474288346,-1.1427392050335008,0.33205210253436623,FDP
Anette Kramme,-0.99434139367577,-0.6382823401075562,-1.3909422205844422,0.20290241180358265,SPD
Angela Hohmann,-0.5222454179945066,0.13140560134838347,-0.9904325873601807,0.33734408042820074,SPD
Angelika Glöckner,-1.102640450622931,-0.47499113012057376,-1.9124791980277718,0.35485968123736367,SPD
Anikó Glogowski-Merten,-0.1600398915414241,0.15547595707751274,-0.707587714415866,0.23550358578543462,FDP
Anja Karliczek,0.9700208739844532,1.0622521458300236,0.8392495636674246,0.05977223351004308,CDU/CSU
Anja Liebert,-1.0919914327438411,-0.5330805502715271,-2.1748694571049434,0.5057395421430891,BÜNDNIS 90/DIE GRÜNEN
Anja Reinalter,-1.173217038296421,-0.037946062923960404,-2.1002161308573952,0.46757152538830704,BÜNDNIS 90/DIE GRÜNEN
Anja Schulz,0.066185278622504,0.3015797131004606,-0.27570211108708087,0.16154647997210073,FDP
Anja Troff-Schaffarzyk,-1.2787902461128198,-0.3953637484929082,-2.0401291535247212,0.5107254562574256,SPD
Anja Weisgerber,0.9707576247669553,1.082888621406331,0.8255289772393855,0.07839294000396313,CDU/CSU
Anke Domscheit-Berg,1.3141017832836626,1.3598383123198121,1.2798475558227214,0.022376576571630828,DIE LINKE.
Anke Hennig,-1.031589800103939,-0.367699689870672,-1.550357662509466,0.3450477938115465,SPD
Ann-Veruschka Jurisch,-0.20198417423382684,0.1345055789042984,-0.6331642428848856,0.1977873365430534,FDP
Anna Christmann,-1.2306708392065986,-0.4090721831574829,-1.8587330598047596,0.44955460663731134,BÜNDNIS 90/DIE GRÜNEN
Anna Kassautzki,0.16889729510155174,0.34582908329684325,-0.03137800416809602,0.10135082418821438,SPD
Anna Lührmann,-1.0905236189920973,-0.06893150063569509,-1.6394620801128905,0.3895253123415562,BÜNDNIS 90/DIE GRÜNEN
Annalena Baerbock,-0.8948339019273891,-0.002380533323987278,-1.6719847712473086,0.4666390213796096,BÜNDNIS 90/DIE GRÜNEN
Anne Janssen,0.9674649924263145,1.0695176228696865,0.8393480928385783,0.061455490554892266,CDU/CSU
Anne König,0.9434541944080008,1.063658388709256,0.813874792534914,0.07065366262170145,CDU/CSU
Anne-Monika Spallek,-1.2128502864731843,-0.2719076880209696,-2.1529803587625684,0.47182471247021074,BÜNDNIS 90/DIE GRÜNEN
Annette Widmann-Mauz,0.8967497340067097,1.0365547684241263,0.7995110057737693,0.07285722985826092,CDU/CSU
Annika Klose,-0.3294082170680512,0.11168888449594534,-0.7344862878198822,0.2118633178695351,SPD
Ansgar Heveling,0.9762272561115795,1.0750523328501458,0.8601275089519169,0.05969404163691538,CDU/CSU
Antje Tillmann,0.9582711233375216,1.0650312806689968,0.8332678116894319,0.06636888612893702,CDU/CSU
Anton Hofreiter,-0.6400697831365322,-0.05850101782334508,-1.5222595461182118,0.35864954404487875,BÜNDNIS 90/DIE GRÜNEN
Ariane Fäscher,-0.547872752562101,-0.2636923241646788,-0.9214066364337096,0.15272034526659503,SPD
Armand Zorn,-1.145423066143685,-0.39593416756616373,-2.21620241916012,0.4865320913056788,SPD
Armin Grau,-0.6701895385948627,-0.10551366215267989,-1.9282396881745807,0.5008921857399528,BÜNDNIS 90/DIE GRÜNEN
Armin Laschet,0.9429870014540302,1.0585668593249913,0.7982222835848776,0.07256332061136618,CDU/CSU
Armin Schwarz,0.9754721255150495,1.0740727381118633,0.8158373710561324,0.06813307079493285,CDU/CSU
Artur Auernhammer,0.9256077698073288,1.0699049526122155,0.8077571879432135,0.08182959883166774,CDU/CSU
Astrid Damerow,0.9820871355926156,1.075973047871829,0.8538269564903422,0.06124122342884899,CDU/CSU
Astrid Mannes,0.9285172946647265,1.068736081763044,0.7623964296453676,0.0667087183390933,CDU/CSU
Astrid Timmermann-Fechter,0.9648063337880775,1.0692323363966456,0.8794832471567886,0.05338670364811381,CDU/CSU
Ates Gürpinar,1.3403886407101406,1.3695972178008686,1.299040974297551,0.018294059483305314,DIE LINKE.
Awet Tesfaiesus,-0.5749399824955611,0.12090809975514996,-1.4992035862785333,0.6274738745584905,BÜNDNIS 90/DIE GRÜNEN
Axel Echeverria,-0.09588631366591945,0.2299582651035958,-0.4373658053193129,0.1874643581800033,SPD
Axel Knoerig,0.9266696560900197,1.0423711105141273,0.8111773725311257,0.07104828315992627,CDU/CSU
Axel Müller,0.9744728487050459,1.0720762537479624,0.832669261549389,0.061990044927362375,CDU/CSU
Axel Schäfer,-0.7614894766397129,-0.22308684814756344,-1.1096393219251857,0.22808174979270968,SPD
Aydan Özoğuz,-0.9456524454346239,-0.3280765669508723,-2.407328985929624,0.5577911379744125,SPD
Barbara Benkstein,1.5009045473713134,1.5926709447928329,1.4002751594182827,0.05304608970696083,AfD
Bärbel Bas,-1.0802397991047723,-0.19882557579542742,-2.1793745651725978,0.5524605487490407,SPD
Bärbel Kofler,-1.2705572081180085,-0.19646082073343216,-2.0479034516341144,0.5192616268765512,SPD
Beate Müller-Gemmeke,0.0036205985587337485,0.2543656722896907,-0.24263979358085042,0.13247559204514547,BÜNDNIS 90/DIE GRÜNEN
Beate Walter-Rosenheimer,0.09993073896944908,0.34152269128534724,-0.15611575175047607,0.12743487161470393,BÜNDNIS 90/DIE GRÜNEN
Beatrix von Storch,1.464425585015374,1.626226054718758,1.404708621004261,0.046588531583063635,AfD
Bengt Bergt,-0.9616034295014676,-0.15535615460658786,-2.0079184476842635,0.4343575692518806,SPD
Benjamin Strasser,-0.1856751237874566,0.12139671968370848,-0.458945115488081,0.16691031707867884,FDP
Bernd Baumann,1.451766440954405,1.576027121118759,1.3982155639206968,0.04679658441560813,AfD
Bernd Reuther,-0.35278459861454003,0.10442502592055397,-1.0012644630294494,0.2949365466799792,FDP
Bernd Riexinger,1.3333014351819616,1.3707737227585093,1.2723714029132451,0.02585709329098349,DIE LINKE.
Bernd Rützel,-0.7138863366836372,0.04513784048363632,-1.6793378085506827,0.436245820753507,SPD
Bernd Schattner,1.5450461708895284,1.7567559607270757,1.4149117405557181,0.09596375904601064,AfD
Bernd Westphal,-1.0996025134808534,-0.2971277107161603,-2.9679019657577204,0.5372061958917069,SPD
Bernhard Daldrup,-1.3528213377416525,-0.25361273665168366,-2.5391587995249294,0.5275412646707945,SPD
Bernhard Herrmann,-0.5270374404803243,-0.018626793130624587,-1.4317099695461786,0.3956538847516391,BÜNDNIS 90/DIE GRÜNEN
Bernhard Loos,0.9350792281461382,1.01179949657402,0.8261336651305188,0.04426963718761495,CDU/CSU
Bettina Hagedorn,-1.1344793753463525,-0.3713059412606849,-1.9422158788180028,0.39476414110465374,SPD
Bettina Hoffmann,-1.1484942326234322,-0.5651521892873059,-1.93771422347408,0.316589923464018,BÜNDNIS 90/DIE GRÜNEN
Bettina Lugk,-0.7630359399186785,-0.16068178707636255,-1.6611559475620639,0.367628787641946,SPD
Bettina Müller,-0.5010778179227104,0.03372362363514153,-1.3097766547080767,0.34199975335457045,SPD
Bettina Stark-Watzinger,-0.13362536746842799,0.1765529362164094,-0.7805885117562885,0.2115191122813578,FDP
Bettina Wiesmann,0.9076595501665241,1.0796740265880382,0.6964774136371488,0.10131945132735326,CDU/CSU
Bijan Djir-Sarai,-0.11073366419209188,0.245015301442312,-0.5731964798507693,0.1998041771774599,FDP
Björn Simon,0.9594069185704721,1.0386062004466663,0.8609036536470919,0.049725287082621014,CDU/CSU
Boris Mijatović,-0.8139314589898071,-0.1313816430499648,-1.71525353813097,0.37506176229196314,BÜNDNIS 90/DIE GRÜNEN
Brian Nickholz,-0.9091178414742644,-0.2216393081803819,-1.6928427019380274,0.3828453497524078,SPD
Britta Haßelmann,-0.93824121431784,-0.39665096524553545,-1.9375807801362583,0.45866147440312693,BÜNDNIS 90/DIE GRÜNEN
Bruno Hönel,-1.0416341861179894,-0.2665840849027578,-1.9955333417176915,0.44551843884948467,BÜNDNIS 90/DIE GRÜNEN
Canan Bayram,1.0888287773483063,1.1341166761734873,1.0552904287942821,0.019400835630187616,BÜNDNIS 90/DIE GRÜNEN
Cansel Kiziltepe,-1.0285248678626329,0.09221105981910649,-2.6060713238164563,0.8217604461006203,SPD
Caren Lay,1.3239725865557126,1.375404521096658,1.2510757240296746,0.03313882229591604,DIE LINKE.
Carina Konrad,-0.17753004930358193,0.11208424670606161,-0.7867951805706186,0.24988491445479968,FDP
Carl-Julius Cronenberg,-0.22129720065533315,0.09299365414933673,-0.6156916300664415,0.18065188637282614,FDP
Carlos Kasper,-0.16817116109550018,0.15034710273444332,-0.6719634895808041,0.2112456021786145,SPD
Carmen Wegge,-0.6297897789914345,-0.18843691186396178,-1.175387205224407,0.280169456057321,SPD
Carolin Bachmann,1.7987610908917315,2.044132125024126,1.5694559342805827,0.12356689724597007,AfD
Carolin Wagner,-0.2422552091092288,0.2114640113527465,-0.6764448358236461,0.3005934275762348,SPD
Carsten Brodesser,0.9673496973403034,1.0521564439928985,0.8345223362138443,0.06376318991675281,CDU/CSU
Carsten Körber,0.9186476128464699,1.0697333984193804,0.7909089871331,0.08900156860556808,CDU/CSU
Carsten Linnemann,0.9910496505574888,1.0901105125870885,0.8571283534875773,0.05727820530080703,CDU/CSU
Carsten Müller,0.936952594442511,1.0427357877735883,0.8440507590260897,0.05510295010332968,CDU/CSU
Carsten Schneider,-1.0298000327409924,-0.28909508261487005,-2.659914239837023,0.6234499750451827,SPD
Carsten Träger,-1.6696541974627388,-0.48419661511833545,-2.993456440993195,0.7053821313006232,SPD
Catarina dos Santos-Wintz,0.9428486855529796,1.048390946268891,0.8460378184125041,0.05433072271022504,CDU/CSU
Cem Özdemir,-0.793770208981656,-0.09647486715572759,-1.6969981056516596,0.4246155897436533,BÜNDNIS 90/DIE GRÜNEN
Chantal Kopf,-1.016574805197702,-0.3421485074749242,-1.9896211404737565,0.4506142186525273,BÜNDNIS 90/DIE GRÜNEN
Christian Bartelt,-0.36284817554693843,0.20295451079554677,-0.957080682629869,0.29905677313474405,FDP
Christian Dürr,-0.13445077252495102,0.1749510301365817,-0.5406414787239447,0.20191862123288476,FDP
Christian Görke,1.3399623999857275,1.3752916086582327,1.295905054074918,0.023956709655408633,DIE LINKE.
Christian Haase,0.9926213376089036,1.0799309410417008,0.8535888852268031,0.05720956572371123,CDU/CSU
Christian Hirte,0.9580592358542556,1.0489512521300044,0.8547826688737669,0.05127168719048113,CDU/CSU
Christian Kühn,-0.9777881454540902,-0.0746217045036286,-2.145134823875156,0.5832373149158767,BÜNDNIS 90/DIE GRÜNEN
Christian Leye,1.381532061292603,1.4007071421409383,1.3589230192920356,0.011891736941128791,DIE LINKE.
Christian Lindner,-0.03281271380032191,0.33830918417122446,-0.6717462020828194,0.2480947299865053,FDP
Christian Petry,-0.802119404590693,-0.17047497060517341,-1.8046718340258108,0.42446581879175016,SPD
Christian Sauter,0.13649580497297462,0.3282377318940257,-0.12230553746922262,0.12194976609766063,FDP
Christian Schreider,-1.6211753958907185,-0.14374869232761134,-2.61404673908963,0.8758020920698568,SPD
Christian von Stetten,0.9782483861842906,1.073908283303354,0.8214017415168252,0.06910516416750037,CDU/CSU
Christian Wirth,1.4415865725002366,1.4970134138443307,1.3954375708779265,0.02990250005926665,AfD
Christiane Schenderlein,0.9356732859191512,1.048285949151062,0.8068519425654433,0.0697471407085262,CDU/CSU
Christina Baum,1.667269648547498,1.9058687079349301,1.44367767892096,0.11525761225331879,AfD
Christina Stumpp,0.9311060050619447,1.0388740235571903,0.7885296201509101,0.07657487189195875,CDU/CSU
Christina-Johanne Schröder,-0.8170033436912787,0.020051457598251474,-1.4873496337911338,0.413659349906895,BÜNDNIS 90/DIE GRÜNEN
Christine Aschenberg-Dugnus,-0.3579871666443536,0.021368318755451227,-0.7697471020108727,0.20680467642920367,FDP
Christoph de Vries,0.983904582235875,1.0623237723484176,0.8681133546065316,0.05334751907928099,CDU/CSU
Christoph Hoffmann,-0.23674774810608942,0.10661803909250629,-0.6554703869400986,0.21853893253756998,FDP
Christoph Meyer,-0.15423586884863547,0.12514296277536352,-0.7336825430051832,0.209926341504343,FDP
Christoph Ploß,0.9956505028101351,1.0973378324696432,0.8865759687471859,0.056361503916073,CDU/CSU
Christoph Schmid,-1.427810707272491,-0.4195054482503645,-2.3455755314793794,0.5549506450801722,SPD
Christos Pantazis,-0.9808614789446788,-0.09099752088253316,-1.640331177286209,0.5096591762366092,SPD
Clara Bünger,1.339049871266083,1.3796045849948144,1.2783223272163662,0.028622966202099035,DIE LINKE.
Claudia Moll,-0.951096337720819,-0.27056494339547654,-1.5430488970644523,0.3293375802938981,SPD
Claudia Müller,-1.4982021964501986,-0.22787420612014886,-2.749088415966088,0.5997241409871097,BÜNDNIS 90/DIE GRÜNEN
Claudia Raffelhüschen,-0.6348857114506807,0.007187584563575618,-1.2380270872436616,0.4009297674540799,FDP
Claudia Roth,-1.4245271591320277,0.041383823453052096,-2.297930095976026,0.7872058117695051,BÜNDNIS 90/DIE GRÜNEN
Claudia Tausend,-1.214689361679826,-0.24774160646460552,-2.761120416944679,0.724282468536586,SPD
Corinna Miazga,1.435170286068653,1.8349156111414968,0.9685602307798987,0.21715382779782297,AfD
Corinna Rüffer,0.2405238174899777,0.36035085449136534,0.036996692249813126,0.0817102542927787,BÜNDNIS 90/DIE GRÜNEN
Cornelia Möhring,1.3141354618877332,1.383036128678208,1.2521100032104377,0.038374172819298995,DIE LINKE.
Dagmar Andres,-0.8330228188904266,0.009848255330972078,-1.765095995168898,0.44814871437506926,SPD
Dagmar Schmidt,-0.7996756109302061,-0.12001324629824876,-1.7346701788329115,0.4727552403874977,SPD
Daniel Baldy,-0.7584202312792654,-0.13624809419358674,-1.223969775652353,0.33697561186389585,SPD
Daniel Föst,-0.6652212287107321,-0.024003591882515257,-1.3092782508300853,0.3955774504499322,FDP
Daniel Rinkert,-0.966651498268225,-0.1400793339359141,-2.1253145142424863,0.5883595825751423,SPD
Daniel Schneider,-1.3155661508753846,-0.5456997571462195,-2.163963290842801,0.4119972327164172,SPD
Daniela De Ridder,-0.688630188260936,-0.13720994532588413,-1.358856831685523,0.3981761203379155,SPD
Daniela Kluckert,-0.25681536481383843,0.13335617939292113,-0.8543473092328862,0.24300481290396342,FDP
Daniela Ludwig,0.9778013398453751,1.0793574792018863,0.8201083205801386,0.07633533966052693,CDU/CSU
Deborah Düring,0.12593714778564177,0.31292737436804596,-0.12825679356651204,0.11559754964050685,BÜNDNIS 90/DIE GRÜNEN
Denise Loop,-1.4376761802207996,-0.354824900462415,-2.9501512477350724,0.6093596164683709,BÜNDNIS 90/DIE GRÜNEN
Dennis Rohde,-1.2620567534755898,-0.3949520211290619,-2.226127364404031,0.504715198786906,SPD
Derya Türk-Nachbaur,-0.4936483557550977,-0.13883821964355125,-1.1996629664670813,0.2632453052107356,SPD
Detlef Müller,-1.22382095721723,-0.32134426652701376,-2.62981974467335,0.7722692865019198,SPD
Detlef Seif,0.9566102469212379,1.037521911714845,0.851082780603888,0.05391848077325268,CDU/CSU
Diana Stöcker,0.9098249058571541,1.0567422065837597,0.7809641284061676,0.07710394197101647,CDU/CSU
Dieter Janecek,-0.8958264957346358,-0.40701152527014917,-1.1433439424366592,0.20521636179583622,BÜNDNIS 90/DIE GRÜNEN
Dieter Stier,0.9518476254581006,1.0686242693646903,0.8586927588595563,0.05844088412834968,CDU/CSU
Dietmar Bartsch,1.3329698604713958,1.3696209135371145,1.2667929229431618,0.022642955828447116,DIE LINKE.
Dietmar Friedhoff,1.4072964884689745,1.433206199786532,1.3796062603142438,0.014809671775875098,AfD
Dietmar Nietan,-0.6697240159170496,-0.05579096052868771,-1.6964240178371306,0.4243871937232599,SPD
Dietrich Monstadt,0.9820004851746834,1.0664314171357612,0.8809338618076475,0.0521659998739473,CDU/CSU
Dirk Brandes,1.4645155480011334,1.5482853132495888,1.3959931938327514,0.04747090246803084,AfD
Dirk Heidenblut,-0.9229536175542081,0.09691755053938003,-2.127722453299313,0.7753077149874273,SPD
Dirk Spaniel,1.5095017201171204,1.623280831239347,1.4136644030703585,0.04772829186465588,AfD
Dirk Vöpel,-0.5942886510427429,-0.1891173849499285,-1.3068934488512278,0.2920533531756124,SPD
Dirk Wiese,-1.2251480935444743,-0.13011232614057117,-1.9367585903622817,0.5316559697510753,SPD
Dirk-Ulrich Mende,-0.21362228572133687,0.1763678839620587,-0.6265443722266678,0.2128263438373808,SPD
Dorothee Bär,0.9495160456946223,1.0427528614047887,0.848479495797205,0.04646585862177518,CDU/CSU
Dorothee Martin,-1.3391888868513648,-0.2228734670218891,-2.87831300441674,0.6907185472245995,SPD
Dunja Kreiser,-0.9781832073208404,-0.3961968867250608,-1.9586566222947082,0.39833421281549253,SPD
Edgar Franke,-0.8075245433643803,-0.24827208471455683,-1.4647567897196943,0.3283684528542225,SPD
Edgar Naujok,1.851741074269254,2.180690060664868,1.537247271939283,0.22237322973975263,AfD
Ekin Deligöz,-0.884517793157136,-0.1081200257635769,-1.8259538434878082,0.4339904851835241,BÜNDNIS 90/DIE GRÜNEN
Elisabeth Kaiser,-0.7237726356977676,-0.3441244078562853,-1.1532879139521526,0.2498039612435597,SPD
Elisabeth Winkelmeier-Becker,0.9952916780971177,1.0771286880341873,0.8986391200759873,0.05178514874080778,CDU/CSU
Emilia Fester,-0.03699646032394114,0.2961684941584821,-0.44909227799229673,0.2312192129083363,BÜNDNIS 90/DIE GRÜNEN
Emily Vontz,-0.1623441009513287,0.21518810441980957,-0.6123840495717354,0.2254100896948278,SPD
Emmi Zeulner,0.8979807921621233,1.0080077512531562,0.8106161333630255,0.05723675595371128,CDU/CSU
Enak Ferlemann,0.9726978634375953,1.0927127320304604,0.8531533307741146,0.06570352253116717,CDU/CSU
Enrico Komning,1.471861059465796,1.5573412348782343,1.401196492941363,0.03974314570538975,AfD
Erhard Grundl,0.32780619530305455,0.43734733501798584,0.11128623034615401,0.08531360359240366,BÜNDNIS 90/DIE GRÜNEN
Erich Irlstorfer,0.9117043025951648,1.0152688749604462,0.7799653534336346,0.06970475673709589,CDU/CSU
Erik von Malottki,0.3931023343902567,0.48364243543765906,0.29678665629913686,0.04751173366706129,SPD
Erwin Rüddel,0.9482404556076229,1.0477861497668355,0.8255061288223399,0.05421115432175394,CDU/CSU
Esra Limbacher,-0.6240992884869794,-0.1252911064386431,-1.4181880347169664,0.33896703247285026,SPD
Esther Dilcher,-0.4255188194929176,0.0603687585595597,-1.0377351288680268,0.27976284292712805,SPD
Eugen Schmidt,1.5255806308811288,1.67806584772733,1.407667212823247,0.07690541337224473,AfD
Fabian Funke,-0.37799098393074915,0.03027251149589131,-0.929961980742538,0.24708101161474563,SPD
Fabian Gramling,0.9310155186959469,1.0644949961424262,0.8056973342638685,0.06308119383153792,CDU/CSU
Fabian Griewel,-0.061785865915233606,0.4744669930783247,-0.7430909097533631,0.4015734992661647,FDP
Fabian Jacobi,1.4753307337286865,1.586082871557081,1.3943993668415138,0.04605892660771861,AfD
Falko Droßmann,-1.2087956627380432,-0.11020376846431484,-1.9042845798675954,0.5418264650416057,SPD
Falko Mohrs,-0.919435021593349,-0.0741595516602781,-2.4561510902236376,0.8106361807363641,SPD
Felix Banaszak,-1.4728767092630322,-0.25174912329127264,-2.282704157312117,0.579241005262922,BÜNDNIS 90/DIE GRÜNEN
Felix Döring,-1.6360907298288565,-0.32975540745487336,-2.343846374699353,0.5102902791687527,SPD
Felix Schreiner,0.9399583800274814,1.056537735633164,0.8460834932987672,0.060148807196494174,CDU/CSU
Filiz Polat,0.055043881897733966,0.2769337416218747,-0.3529219396530401,0.14417298425628036,BÜNDNIS 90/DIE GRÜNEN
Florian Hahn,0.9410592711160434,1.0619738539941554,0.8171192024294879,0.061465483277326635,CDU/CSU
Florian Müller,0.9622013904773958,1.0656898579581933,0.8256984926502297,0.08111811543446576,CDU/CSU
Florian Oßner,0.9800852028884811,1.0478595239538073,0.8818981655824599,0.045891508949572044,CDU/CSU
Florian Toncar,-0.0750431778728197,0.13980817293110984,-0.4833673524966251,0.15585374764390453,FDP
Frank Bsirske,0.11967602676052322,0.3093605452442507,-0.1803125895993502,0.12076690880052875,BÜNDNIS 90/DIE GRÜNEN
Frank Junge,-1.3222254151365924,-0.4240594698088015,-2.066303669764209,0.4582566568343237,SPD
Frank Müller-Rosentritt,-0.12331571905311961,0.22559182674227823,-0.39874957946071404,0.19211791308136061,FDP
Frank Rinck,1.4782803082111902,1.6255246378598762,1.401364982622994,0.05501457009796238,AfD
Frank Schäffler,0.1011907152199155,0.3088708106209692,-0.1261530749241776,0.10886510227266695,FDP
Frank Schwabe,-1.1092572853989475,-0.01293978216608486,-2.0362594043988853,0.6007477710415233,SPD
Frank Ullrich,-1.2082179277674012,-0.3785077188532005,-2.7403456450413133,0.614082801074798,SPD
Franziska Brantner,-1.1791917621278103,-0.7763504002581442,-1.8621892565418645,0.28231722747048377,BÜNDNIS 90/DIE GRÜNEN
Franziska Hoppermann,0.9642347925555093,1.0628250925375826,0.8479331706927342,0.05669760400612147,CDU/CSU
Franziska Kersten,-1.1826397994591173,-0.1938325211364848,-1.7761989065773023,0.4441528900429782,SPD
Franziska Krumwiede-Steiner,-0.9039723981808496,-0.03194549440130563,-1.9190862860515807,0.5411287770718352,BÜNDNIS 90/DIE GRÜNEN
Franziska Mascheck,-1.1516040255171032,-0.5427886568403407,-1.9196170944874744,0.391088793829515,SPD
Frauke Heiligenstadt,-1.4955129722486022,-1.293464322452892,-1.7847154572633062,0.12715523047998897,SPD
Friedhelm Boginski,-0.25248643395587844,0.07529390844540595,-0.8312490584967032,0.2602144989980171,FDP
Friedrich Merz,0.9731109738726944,1.0782530829861219,0.8352726003494951,0.058246893888247955,CDU/CSU
Fritz Güntzler,0.9511607202323764,1.044111081481372,0.8290321291870423,0.05133944056089839,CDU/CSU
Gabriela Heinrich,-1.2066697828523991,-0.822754649555693,-1.7512618392950263,0.25755464506601466,SPD
Gabriele Katzmarek,-1.5479414844242798,-0.6446314249597812,-3.2310477890730778,0.7019894357737306,SPD
Georg Kippels,0.9407742950717742,1.025700538391323,0.8234686861977866,0.05007619354413253,CDU/CSU
Gerald Ullrich,0.1924761215996025,0.40179282015928897,0.015325801930959884,0.11638981526457869,FDP
Gereon Bollmann,1.5367368101286119,1.6741671361676578,1.4158834446724782,0.06550593454610272,AfD
Gero Hocker,-0.0871110302269439,0.19480658542702808,-0.5177771824877779,0.17877089177192748,FDP
Gero Storjohann,0.8446067866727439,1.0752948774739184,0.6596103288481008,0.10388643284736272,CDU/CSU
Gerold Otten,1.4529520530763655,1.554596899692058,1.3905266562300005,0.04353491509081854,AfD
Gerrit Huy,1.5710251901734824,1.7078000141947305,1.4196424313622016,0.07821555501785032,AfD
Gesine Lötzsch,1.3417174470136923,1.375240434538906,1.2891554557733231,0.020326253055045422,DIE LINKE.
Gitta Connemann,0.9329430218643923,1.0246996968051905,0.8563471395476265,0.04765519936306062,CDU/CSU
Gökay Akbulut,1.2945945503649052,1.3353887900971075,1.2555097345321922,0.023946661040528023,DIE LINKE.
Gottfried Curio,1.500079110971147,1.6584707630726758,1.3862782444519202,0.06532588249329617,AfD
Götz Frömming,1.4946637831405523,1.6348196023513308,1.409676090677983,0.0638744346683098,AfD
Gregor Gysi,1.337854715813828,1.3666516301822242,1.294972980486142,0.018627906585639262,DIE LINKE.
Gülistan Yüksel,-0.79126854343566555,-0.12763186815907154,-1.5176426578939775,0.3590033426287041,SPD
Günter Krings,0.9405630154563331,1.0526076163379217,0.8154225199296025,0.059216677580023136,CDU/CSU
Gunther Krichbaum,0.9810732107960606,1.0516954984666587,0.856637158876342,0.04717567421703634,CDU/CSU
Gyde Jensen-Bornhöft,-0.1746816214505276,0.12812973215099935,-0.5214306687138083,0.1637020609832297,FDP
Hagen Reinhold,-0.2500518776471698,0.18639187177553906,-0.8167006106180594,0.2494895330209283,FDP
Hakan Demir,-0.3800587275280575,0.035558760692399216,-0.7913389531507561,0.20408972976222592,SPD
Hanna Steinmüller,-0.932712096614763,-0.53891839820691545,-1.255380604743156,0.22076203016293183,BÜNDNIS 90/DIE GRÜNEN
Hannes Gnauck,1.473105579953851,1.6112017782719983,1.3966034672660506,0.05979052262464724,AfD
Hannes Walter,-0.9561930347259766,-0.16950678760818233,-1.483850912257893,0.40968862168443254,SPD
Hans-Jürgen Thies,0.9696580419508541,1.0390432751342846,0.9136434941228234,0.031749600508917585,CDU/CSU
Hans-Peter Friedrich,1.0227584613432354,1.1074456022113728,0.900808478988234,0.055041792007924,CDU/CSU
Hansjörg Durz,0.9882143194951067,1.0890727302702095,0.887211536640738,0.05676093460931442,CDU/CSU
Harald Ebner,-2.1635142913214818,-0.8666787250524866,-3.5549781259256372,1.0140396686912678,BÜNDNIS 90/DIE GRÜNEN
Harald Weyel,1.5254638114689902,1.6655387594372144,1.4062230121782053,0.0645200212662331,AfD
Heidi Reichinnek,1.3336193494572486,1.3651053833974547,1.2736839367172907,0.023162923676849224,DIE LINKE.
Heike Baehrens,-1.132154231783459,-0.3878093162522258,-1.8516161473647768,0.43293853364403206,SPD
Heike Brehmer,0.9595186373670959,1.058841351283005,0.8393485849526332,0.05087006777087813,CDU/CSU
Heike Engelhardt,-1.4516482384756721,-0.6527049962727012,-3.491791641195974,0.6080367622604788,SPD
Heike Heubach,-0.7584222518146999,-0.1819561439438681,-1.5008883310645684,0.46974998479053304,SPD
Heiko Maas,-0.07745025405862657,0.3129919999945525,-0.5716836697737258,0.2072941300188276,SPD
Helge Braun,0.9593345364471306,1.0715796413533467,0.8006235715632186,0.07430296458960998,CDU/CSU
Helge Limburg,-2.7278568369948044e-4,0.1978302928385057,-0.25006163100666795,0.0986318503350493,BÜNDNIS 90/DIE GRÜNEN
Helge Lindh,-1.5466997744492688,-0.8047640131739329,-2.399800545303724,0.4372156667108092,SPD
Helmut Kleebank,-1.584958599438399,-0.3872737351159275,-2.778691500126139,0.6295340305035638,SPD
Hendrik Hoppenstedt,0.9726249106607501,1.069141390069462,0.8424124170624727,0.06935833172852043,CDU/CSU
Henning Otte,0.9667286227266346,1.0560473907963686,0.8770176377936748,0.044981136723704226,CDU/CSU
Henning Rehbaum,0.9157402573987465,1.0386889738413072,0.8107640637843698,0.0670847767051496,CDU/CSU
Herbert Wollmann,-0.607075777052402,0.04653728714742975,-1.0612985066681202,0.2766495834585832,SPD
Hermann Färber,0.9268423575006736,1.0553303620026742,0.8367886306184543,0.0618177984863986,CDU/CSU
Hermann Gröhe,0.9327504268958897,1.0103435254860473,0.8534203158268114,0.041943306563828844,CDU/CSU
Hermann-Josef Tebroke,0.9481612748571495,1.0269229744864017,0.8672936790957753,0.04828841701533942,CDU/CSU
Holger Becker,-1.2461491854125277,-0.4360100916544462,-1.8151714510856158,0.32570573230936317,SPD
Holger Mann,-0.10499263725167493,0.20780776834872786,-0.5555395187489803,0.22709594398860403,SPD
Hubert Hüppe,0.9248253143068721,1.061838390539973,0.8092064347492877,0.07863374827055035,CDU/CSU
Hubertus Heil,-0.8281243587245449,-0.08581341969505663,-2.06709314076953,0.5367816583229592,SPD
Ina Latendorf,1.3334729990862126,1.372663910247965,1.2832204788860146,0.02593841721008242,DIE LINKE.
Inge Gräßle,0.9771859642584061,1.059282162798101,0.8824744878198753,0.048731381760647084,CDU/CSU
Ingmar Jung,0.9447863190782717,1.0486008257574966,0.8034063849511727,0.07169869014849992,CDU/CSU
Ingo Bodtke,-0.0593070386816486,0.20576145539658472,-0.36485563557726797,0.13948389282948162,FDP
Ingo Gädechens,0.9603385996175855,1.055451609054506,0.8717483955408725,0.04391076260961416,CDU/CSU
Ingo Schäfer,-0.6418084028282008,0.04157179871732292,-2.0788040973686024,0.5550446960258859,SPD
Ingo Wellenreuther,0.08863449814597436,0.9138894388234386,-0.5463335105171756,0.3584567949653233,CDU/CSU
Ingrid Nestle,-1.0836446181985002,0.04613739520506336,-1.8592143118357587,0.48332900019402764,BÜNDNIS 90/DIE GRÜNEN
Ingrid Pahlmann,0.9353394922810407,1.091917844505503,0.7108051164104481,0.09770184641836914,CDU/CSU
Irene Mihalic,-1.383415806747532,-0.1664715934657721,-2.1280186154472043,0.5126737708990473,BÜNDNIS 90/DIE GRÜNEN
Isabel Cademartori,-1.0680970967927372,-0.24469413116123204,-2.260029329393374,0.4975778042469387,SPD
Isabel Mackensen-Geis,-1.1267451590037827,-0.26587900027428846,-1.9424978215677775,0.4370298943910859,SPD
Jakob Blankenburg,-1.2894968144886063,-0.5497082423120552,-1.7615615808764797,0.3423939454056388,SPD
Jamila Anna Schäfer,-1.2782979429082828,-0.3770289727303569,-2.8365689166984587,0.6821913786994402,BÜNDNIS 90/DIE GRÜNEN
Jan Dieren,0.5791071166526102,0.631114139104525,0.5151665566949444,0.03768286437679504,SPD
Jan Korte,1.3342407884053702,1.3745162100335708,1.2839312145887591,0.022852634153623614,DIE LINKE.
Jan Metzler,0.9316495025883303,1.0162349942573385,0.8339880611528441,0.04699336178037029,CDU/CSU
Jan Plobner,-1.2143029076462954,-0.4353352799265401,-2.0987867043751764,0.4646351978729842,SPD
Jan Ralf Nolte,1.4682829989139148,1.5742453437484185,1.3958406417989293,0.04633845766755353,AfD
Jan Wenzel Schmidt,1.4628974584644465,1.5714254454518293,1.3943863900193536,0.04676228969066085,AfD
Jan-Marco Luczak,0.9410816203578559,1.0327146433647398,0.8176062385075336,0.057002059950227536,CDU/CSU
Jan-Niclas Gesenhues,-1.464493855298952,-0.6737297141422705,-2.0692485435695023,0.4514368240333751,BÜNDNIS 90/DIE GRÜNEN
Jana Schimke,0.9407812817563486,1.0574689310099705,0.8471126028493847,0.06415326392977484,CDU/CSU
Janine Wissler,1.3288742818062156,1.363503639059867,1.2766568310608752,0.01948371227900836,DIE LINKE.
Janosch Dahmen,-0.7648354313748695,0.170761931722741,-1.5337682943933026,0.4761337832145671,BÜNDNIS 90/DIE GRÜNEN
Jasmina Hostert,-1.4360614806065797,-0.11447699014986416,-2.1990402060392773,0.5310541505028781,SPD
Jens Beeck,0.1252207535940316,0.333452968300747,-0.08483628184555728,0.09647848413710298,FDP
Jens Brandenburg,-0.32974788805616373,0.08451199147632639,-1.0540666262995975,0.333169614924375,FDP
Jens Koeppen,1.3405694104805033,1.384001387755063,1.2280709329882682,0.037165933901012624,CDU/CSU
Jens Lehmann,0.9394418733979117,1.062429283530152,0.7799398754495204,0.07340641302236868,CDU/CSU
Jens Peick,-1.5825275312199814,-0.7007667111460658,-2.3406283357331574,0.39294201686864366,SPD
Jens Spahn,0.9316600920042972,1.0387151591678505,0.8436463580430658,0.045826359964088105,CDU/CSU
Jens Teutrine,-0.22153440188525303,0.11701262082029412,-0.7141898050840962,0.23187182213917026,FDP
Jens Zimmermann,-1.1332759858155843,-0.43277275269870186,-1.9927017100122524,0.4161943440088822,SPD
Jessica Rosenthal,0.12885750401493895,0.29117438656386607,-0.11626066252251349,0.11829292589249216,SPD
Jessica Tatti,1.3801476537159905,1.398966228485515,1.3602622437629204,0.010134080705376771,DIE LINKE.
Joachim Wundrak,1.40562811602884,1.423551311653312,1.3804222409593696,0.009650439600575494,AfD
Joana Cotar,1.4133262468453136,1.4567372515965724,1.3856769775947462,0.016522951378990774,fraktionslos
Jochen Haug,1.4554708724522074,1.4929687501124387,1.3982403228106706,0.02513882642111373,AfD
Joe Weingarten,0.09989588889628703,0.38143264494455775,-0.1520476594058866,0.1586194171190131,SPD
Johann Saathoff,-1.8834255759468992,-1.5250113734587338,-2.4190628098424067,0.24002395613787586,SPD
Johann Wadephul,0.9814057748719486,1.113351481803689,0.8414257527074173,0.07928366427777048,CDU/CSU
Johannes Arlt,-0.285015711734616,0.16553132654935931,-0.9123291292940281,0.2914188467473704,SPD
Johannes F. Kretschmann,-0.7074166172835379,0.8666051489821798,-1.8038657872987944,0.6555637256560354,BÜNDNIS 90/DIE GRÜNEN
Johannes Fechner,-1.232098654293194,-0.36856860755746634,-1.7569837051330817,0.3629897897893492,SPD
Johannes Huber,1.415252069809901,1.444740295962865,1.3815611725262773,0.014245112631643233,fraktionslos
Johannes Schätzl,-1.046202068944581,-0.3341611600067827,-2.0062317410902426,0.44579127437489774,SPD
Johannes Schraps,-0.6958293576549371,-0.2710315569496187,-1.3294613750986914,0.3198748662844253,SPD
Johannes Steiniger,0.9502750258154322,1.055612881287654,0.8482347685112622,0.056521169167573757,CDU/CSU
Johannes Vogel,-0.22677773672103382,0.10645703091793557,-0.652649260975423,0.19236170506885214,FDP
Johannes Wagner,-0.7844453283266981,-0.10697100459755449,-1.6239950516665274,0.42726593770757004,BÜNDNIS 90/DIE GRÜNEN
Jonas Geissler,0.8909510325724829,0.9884054015136172,0.7921457147705372,0.05435743530563799,CDU/CSU
Jörg Cezanne,1.3360425474034596,1.3838496677833976,1.2401699131035206,0.04068612477619337,DIE LINKE.
Jörg Nürnberger,-0.9216482526578357,-0.2628149123634494,-1.5001709856445138,0.3183107995504825,SPD
Jörg Schneider,1.4667371832147569,1.5535979269307014,1.395157536380092,0.044171186234082345,AfD
Jörn König,1.4478918305468509,1.5163502590817146,1.394034254129535,0.0323218879705319,AfD
Josef Oster,0.9325480191144011,1.0427584137572876,0.8182729807149733,0.0618827560837943,CDU/CSU
Josef Rief,0.9522860033845857,1.0528615970961601,0.8443075407190873,0.05874778940687582,CDU/CSU
Josephine Ortleb,-1.5083001539692906,-0.4393912501762084,-2.434544147718139,0.4541632512396011,SPD
Josip Juratovic,-0.872434979790347,-0.03802871981419673,-2.0785841527290216,0.5529806922922018,SPD
Judith Skudelny,-0.10063445965368832,0.14432061247716718,-0.40898718599950723,0.14608636575702794,FDP
Julia Klöckner,0.9554636031163514,1.0560352288435053,0.8437596695359175,0.049422298918627115,CDU/CSU
Julia Verlinden,-0.22498498514395085,2.083784515626242e-4,-0.49638723614456437,0.13448766743399784,BÜNDNIS 90/DIE GRÜNEN
Julian Pahlke,-0.03299449618009079,0.26795076695366127,-0.39183373244680675,0.15654099026758847,BÜNDNIS 90/DIE GRÜNEN
Julian Simon Grünke,0.11902075665867488,0.5861478909440917,-0.4988782155168495,0.28965355166990175,FDP
Jürgen Berghahn,-0.43724641707562756,-0.03211405374067131,-0.7665717217528902,0.19382299287978397,SPD
Jürgen Braun,1.4483271789430125,1.583785330144635,1.395352877402041,0.046600802002917774,AfD
Jürgen Coße,-0.7178743600012715,-0.011597316583138837,-1.4970353213554102,0.373412101589367,SPD
Jürgen Hardt,0.9319993549733516,1.0392494892568813,0.8226312422606455,0.056256455423244374,CDU/CSU
Jürgen Kretz,-0.5676763783808757,0.2133359080021228,-2.1929058972949544,0.6102668326505454,BÜNDNIS 90/DIE GRÜNEN
Jürgen Lenders,-0.3299270737074467,0.04655012074479467,-0.8539071838104033,0.23157505598030337,FDP
Jürgen Pohl,1.7512005681273728,2.0461889653049354,1.4950493278555823,0.15223577801171045,AfD
Jürgen Trittin,0.0013819541797021268,0.23899792155739838,-0.317791366363909,0.1587365717000094,BÜNDNIS 90/DIE GRÜNEN
Kai Gehring,-1.0397954265264955,-0.25617080458324903,-2.206348226292116,0.5847843998706561,BÜNDNIS 90/DIE GRÜNEN
Kai Whittaker,0.9574138956897816,1.0410483393126997,0.8367493169512006,0.05568573796608257,CDU/CSU
Karamba Diaby,-0.9432325552193644,-0.3770052047750666,-1.595532672343734,0.31928710107316216,SPD
Karl Bär,0.05334081134680297,0.24146291136838513,-0.24353699035217252,0.12978382528275456,BÜNDNIS 90/DIE GRÜNEN
Karl Lauterbach,-1.5001142162084116,-0.31300961662146753,-2.624823896573938,0.7088229881207954,SPD
Karlheinz Busen,-0.28996841934266715,0.060930807229971004,-0.617023403262932,0.19235531573296485,FDP
Karoline Otte,-0.15653235291413786,0.27314364240710676,-0.7205582210530679,0.3205957803576047,BÜNDNIS 90/DIE GRÜNEN
Karsten Hilse,1.7158374757445483,1.8728368793482553,1.5195940512701187,0.10986346962646999,AfD
Karsten Klein,-0.15360673507182993,0.1433602705745579,-0.7219355698750378,0.24729160701562083,FDP
Kassem Taher Saleh,-0.758878878061062,-0.008045890858731173,-1.6393174111364002,0.4388076504477205,BÜNDNIS 90/DIE GRÜNEN
Katharina Beck,-0.608322889562031,0.035527297726814,-1.6021308387216755,0.4527231589602618,BÜNDNIS 90/DIE GRÜNEN
Katharina Dröge,-1.174019471068469,-0.7493700575394783,-1.9463180555135775,0.3272243011449046,BÜNDNIS 90/DIE GRÜNEN
Katharina Willkomm,-0.4195453138159999,0.19438834471669858,-1.0425145392619828,0.35439386135613643,FDP
Kathrin Henneberger,0.3565001533453548,0.4629609891846326,0.24838101903610071,0.054334115922897434,BÜNDNIS 90/DIE GRÜNEN
Kathrin Michel,-0.8912714836794889,-0.17614527019373702,-1.816241487961428,0.4111861005979791,SPD
Kathrin Vogler,1.3220085726106692,1.377075455697872,1.2729503689270534,0.02952476753691736,DIE LINKE.
Katja Adler,0.1928397036697695,0.32042674151419864,-0.046746827378733896,0.10265881397557096,FDP
Katja Hessel,-0.4011229436361019,0.028481551945752,-0.976243395298609,0.2636683101511337,FDP
Katja Keul,-0.6709949742160202,-0.07899013335465109,-1.7955028415345706,0.4178258223534284,BÜNDNIS 90/DIE GRÜNEN
Katja Kipping,-0.14963852797751198,1.4977354126765312,-2.187163829648271,1.0368793929628668,DIE LINKE.
Katja Leikert,0.9349656301446726,1.0332869008322056,0.8216850406921565,0.05644695660148301,CDU/CSU
Katja Mast,-0.6456985743444443,-0.12716577069430515,-1.5869876267568255,0.34316315404054243,SPD
Katrin Budde,-1.5926270019468713,-0.5775923191736975,-2.8101797097760537,0.710105797157408,SPD
Katrin Göring-Eckardt,-0.8249433092552916,-0.020035295614636083,-1.6091388397999502,0.3735839169065036,BÜNDNIS 90/DIE GRÜNEN
Katrin Helling-Plahr,-0.699674263943435,-0.1484360054994161,-1.7025296397779957,0.32618871562845175,FDP
Katrin Staffler,0.9300978992767945,1.0550450693134608,0.8380422906723897,0.05973418680864066,CDU/CSU
Katrin Uhlig,-1.060896303035157,-0.19689817410050833,-2.0743417121569285,0.47657864336587247,BÜNDNIS 90/DIE GRÜNEN
Katrin Zschau,-0.8973933183336433,-0.2701099097002365,-1.9728763679947083,0.4759844345157758,SPD
Kaweh Mansoori,-1.1744593182019738,0.05220800122854881,-2.23739152813296,0.5900548129176095,SPD
Kay Gottschalk,1.5104949147409916,1.6339540714736072,1.4085949232306643,0.06106025999652411,AfD
Kay-Uwe Ziegler,1.5548436294126218,1.7792284869670583,1.4301380304257085,0.08340809001012142,AfD
Kerstin Griese,-1.0114897658565418,-0.4452074860259599,-1.6244032808497537,0.33032591810513257,SPD
Kerstin Radomski,0.9699519971821083,1.0571219583525406,0.808595521915777,0.061575522946856316,CDU/CSU
Kerstin Vieregge,0.8884303464667587,0.9706788451405832,0.7963396279701165,0.04375528874890149,CDU/CSU
Kevin Kühnert,-1.2856541706507378,-0.6083910097689372,-1.8767636208452232,0.31151940530585975,SPD
Kevin Leiser,-0.8326624229993607,-0.007651628609364253,-1.2058495108157004,0.31458129002049007,SPD
Kirsten Kappert-Gonther,-0.7459110792437121,-0.1922858540652576,-1.7388774002593128,0.37924616667928124,BÜNDNIS 90/DIE GRÜNEN
Klaus Ernst,1.379238099476794,1.3985992754347334,1.3631959275505876,0.00923504107084695,DIE LINKE.
Klaus Mack,0.9593954063164982,1.043230387726713,0.829350091834842,0.056727419574230345,CDU/CSU
Klaus Stöber,1.4949891209030541,1.6721043601497172,1.4072430244047212,0.07299591822082806,AfD
Klaus Wiener,0.9303385591448086,1.0469212325930823,0.8454391089290374,0.054559643146652605,CDU/CSU
Klaus-Peter Willsch,0.9691103376065177,1.060731897721484,0.8016117727717723,0.0636387521883753,CDU/CSU
Knut Abraham,0.9587637575898125,1.032603085642944,0.8508737913581705,0.05123133915946692,CDU/CSU
Knut Gerschau,-0.09458214074917626,0.21252873031550892,-0.4629096069115776,0.2035394385575943,FDP
Konrad Stockmeier,-0.1728694585104941,0.17162287460351716,-0.5592000526941396,0.18217186299149216,FDP
Konstantin Kuhle,-0.5066746049895829,0.11162626021859912,-1.069900491656244,0.3369473074389603,FDP
Konstantin von Notz,-0.6445734925129563,-0.05933696600934081,-2.141361101582698,0.5484722774834395,BÜNDNIS 90/DIE GRÜNEN
Kordula Schulz-Asche,-1.1159332660393937,-0.01063874795267041,-1.6280378229356915,0.46093127727788535,BÜNDNIS 90/DIE GRÜNEN
Kristian Klinck,-0.7130689900396341,-0.22381002194674499,-1.2441238543869333,0.27368962532796187,SPD
Kristine Lütke,-0.3961116805178599,0.08370172361081896,-0.8199907069828338,0.2358216748133659,FDP
Lamya Kaddor,-0.579830059289829,-0.1643034852255434,-1.036374338244704,0.24326216061370448,BÜNDNIS 90/DIE GRÜNEN
Lars Castellucci,-0.820568833831412,-0.13230503881418954,-1.5922059218733802,0.3601565371318584,SPD
Lars Klingbeil,-1.1769996779117715,-0.5152349545323331,-1.9705221148548293,0.37712733742495774,SPD
Lars Lindemann,-0.1865597783907562,0.17194278591727874,-0.6512233841729473,0.23551801543979373,FDP
Lars Rohwer,1.0177019992316458,1.0839282024255106,0.9086994096154295,0.04628880321663783,CDU/CSU
Laura Kraft,-0.9426124992525907,-0.6173070450770646,-1.3279859469749433,0.20627389450455966,BÜNDNIS 90/DIE GRÜNEN
Leif-Erik Holm,1.4293450760470134,1.4809330503606473,1.3837466098194544,0.027352703814190707,AfD
Lena Werner,-0.9908307324576262,-0.41248132170069113,-1.9968548907150316,0.46612312505893566,SPD
Leni Breymaier,-1.0750355902873667,-0.28203598364680765,-1.9942767579114236,0.4970142162192971,SPD
Lennard Oehl,-0.9368212052534811,0.0875508088060468,-1.9590844307091364,0.6114331698467036,SPD
Leon Eckert,-1.1101333594687235,-0.005775410140767774,-2.168448289887064,0.6202711040928276,BÜNDNIS 90/DIE GRÜNEN
Lina Seitzl,-0.5708431455473025,0.05278194490785735,-1.2560068376084106,0.3425431583014742,SPD
Linda Heitmann,-1.5587171806851223,-0.38592927000044985,-2.59756162589479,0.5843676419860595,BÜNDNIS 90/DIE GRÜNEN
Linda Teuteberg,0.250420322916341,0.3932239429948323,0.06452117470967902,0.09530909559080644,FDP
Lisa Badum,-0.08596966172280412,0.1813959832736415,-0.3350345931329354,0.1419803905652085,BÜNDNIS 90/DIE GRÜNEN
Lisa Paus,-1.7700669349145115,-0.7625818710176293,-2.234718546624329,0.39927872444834134,BÜNDNIS 90/DIE GRÜNEN
Lucia Schanbacher,-0.4909514090387939,0.570847368911108,-1.3217402069280961,0.438765403880388,SPD
Luise Amtsberg,-0.6765427746546111,-0.3308787875401318,-0.9023200076382089,0.1221163027780079,BÜNDNIS 90/DIE GRÜNEN
Luiza Licina-Bode,-1.0250953403044785,-0.048319666309279405,-2.2282698760279205,0.617429028000587,SPD
Lukas Benner,-1.4083291510672644,-0.28142798028081295,-2.3230995325951485,0.6493663862081769,BÜNDNIS 90/DIE GRÜNEN
Lukas Köhler,-0.3769522574113237,0.06890727459590462,-0.7631401169660117,0.23004962266524648,FDP
Macit Karaahmetoğlu,-0.9874646496527774,-0.2187785783027008,-1.7036364078487527,0.35564227778631663,SPD
Mahmut Özdemir,-0.09171782654688745,0.17164866297254108,-0.5974676419527977,0.19054047262955337,SPD
Maik Außendorf,-0.5098081152542558,-0.10338796197154015,-0.833440670152207,0.1717345319264479,BÜNDNIS 90/DIE GRÜNEN
Maja Wallstein,0.31596369556854004,0.4842601560562032,0.1965303653942617,0.08679186313166848,SPD
Malte Kaufmann,1.5144373178064479,1.7054464252851878,1.4120073539781095,0.08581670776028363,AfD
Manfred Grund,0.9979657785503453,1.0797402738234014,0.9051988220804815,0.04743873470202036,CDU/CSU
Manfred Schiller,1.5328567176990406,1.8830929479533156,1.37649484182004,0.12071495123318189,AfD
Manfred Todtenhausen,-0.5191095910315107,0.0014564748194698472,-1.4269253711173642,0.3521312564937447,FDP
Manuel Gava,-1.0489016255937795,-0.2408201006685982,-3.003945646935536,0.6910756963960183,SPD
Manuel Höferlin,-0.27821213912308057,0.11012360385968664,-0.697817844225461,0.22052787595039702,FDP
Manuela Rottmann,-1.0024761090640166,-0.2246341488909081,-2.0949465061449155,0.6386206538151521,BÜNDNIS 90/DIE GRÜNEN
Marc Bernhard,1.5288084590323596,1.6804204076095095,1.4260359661204554,0.07255106223506366,AfD
Marc Biadacz,0.9494697306651241,1.0463842873058193,0.8479370556483219,0.04316229682959611,CDU/CSU
Marc Henrichmann,0.9623203982226107,1.0501980299621072,0.81586252249456,0.06068312829364688,CDU/CSU
Marc Jongen,1.469883122171901,1.578787562073284,1.3993139237175525,0.049683838703818393,AfD
Marcel Emmerich,-1.446469105560647,-0.48348643677886965,-2.72798061756166,0.6323383484881141,BÜNDNIS 90/DIE GRÜNEN
Marco Buschmann,-0.2068249662293012,0.15626316007213203,-0.5813739688406141,0.2113358204245557,FDP
Marco Wanderwitz,1.0516672129446616,1.1078529748919135,0.9251164015177754,0.049423559410025304,CDU/CSU
Marcus Bühl,1.7000562094013982,1.902528319000272,1.477591007605053,0.10858929054626738,AfD
Marcus Faber,-0.11014760690605924,0.21988583221826186,-0.6820065379366835,0.22106026117487285,FDP
Mareike Lotte Wulf,0.9579062699103364,1.045479543522367,0.829494364931231,0.05751982624028522,CDU/CSU
Maria Klein-Schmeink,-1.1980445881797104,-0.4618446475209155,-1.712678377628434,0.29886662979736334,BÜNDNIS 90/DIE GRÜNEN
Maria-Lena Weiss,0.9676643415050945,1.0548531427442025,0.8579424976757914,0.058046844620493254,CDU/CSU
Mariana Harder-Kühnel,1.4849690904962647,1.566256928880684,1.395916646702896,0.05399044168452028,AfD
Marianne Schieder,-1.4525896807919556,-0.781457188578963,-2.5094001273642412,0.3651323106622797,SPD
Marie-Agnes Strack-Zimmermann,-0.4463274402931529,0.15164345713144828,-1.3247826705751669,0.324935295097864,FDP
Mario Brandenburg,-0.4115865775354785,0.16834477988548047,-1.1829854079190696,0.3712436330558749,FDP
Mario Czaja,0.9675418531798623,1.0722159265871454,0.8087421291186274,0.06822099677611843,CDU/CSU
Marja-Liisa Völlers,-1.6525289591060475,-0.8330669235306407,-2.1443369651870574,0.3825483668403114,SPD
Mark Helfrich,0.9448572154329938,1.0294809837013301,0.8317162557693163,0.05432622479098001,CDU/CSU
Markus Frohnmaier,1.4972169570305447,1.6152844340939447,1.4254491453195661,0.047164578047669194,AfD
Markus Grübel,0.9746540985309802,1.0516427128202186,0.8269242002619112,0.05736553994580668,CDU/CSU
Markus Herbrand,-0.19573168678736844,0.10796843709581312,-0.5891498961256475,0.1711130306782864,FDP
Markus Hümpfer,-0.9752263831027745,-0.4150602058114219,-1.5952815457558458,0.3053001640495755,SPD
Markus Koob,0.979714539597339,1.086907333605288,0.8529983561052052,0.05779399193357636,CDU/CSU
Markus Kurth,-0.7895945565046438,0.021584984061655703,-1.768256373088254,0.5067694667783441,BÜNDNIS 90/DIE GRÜNEN
Markus Reichel,0.9644063328088135,1.0847295615661947,0.8481395543756399,0.060043658828453896,CDU/CSU
Markus Töns,-1.0480573858428082,-0.2768619807875114,-2.0067262033411555,0.39557216693556096,SPD
Markus Uhl,0.9689503379868137,1.0579453411298114,0.8479078504297822,0.059328446545712774,CDU/CSU
Marlene Schönberger,-0.7023494211345879,-0.04281189158249928,-1.4512926181528374,0.3232486959874441,BÜNDNIS 90/DIE GRÜNEN
Marlon Bröhr,0.9302100649214595,1.0291777233568746,0.8512489122066589,0.049361791512502695,CDU/CSU
Martin Diedenhofen,-1.1815815247664372,-0.45259483675855605,-2.7280819983005773,0.609830141433247,SPD
Martin Erwin Renner,1.5026788885165607,1.6329478405308664,1.4100269443782054,0.07157459724558453,AfD
Martin Gassner-Herz,-0.25587928897280876,0.14916583759434987,-0.8069148715427958,0.26681770050544823,FDP
Martin Gerster,-0.6933104733972353,-0.12642513676245618,-1.072325894983856,0.28734322170347304,SPD
Martin Hess,1.4855969791281596,1.5875329844905601,1.4113639657723942,0.04694141247475673,AfD
Martin Kröber,-0.644802342161952,-0.10785472822629488,-1.3401242181297621,0.2940734236063385,SPD
Martin Plum,0.9594351119484632,1.0624587754578605,0.8670159765791976,0.04918320488328324,CDU/CSU
Martin Rabanus,-0.7990841107788329,-0.1657370488632574,-1.4747807710886343,0.3435762867885684,SPD
Martin Reichardt,1.5248787335949239,1.7682242331917082,1.4084857486162758,0.09643175728616946,AfD
Martin Rosemann,-1.023440532732518,-0.41923126837235647,-1.6193615558475993,0.34798768004877784,SPD
Martin Sichert,1.5612261436402675,1.8332386537498366,1.4195773890978283,0.10635920069077325,AfD
Martina Englhardt-Kopf,0.9519466563619889,1.0386529578676966,0.8742735682815622,0.04329225262942244,CDU/CSU
Martina Renner,1.3222200883689794,1.365492996007403,1.2673131589981792,0.025356079178008906,DIE LINKE.
Martina Stamm-Fibich,-1.0282535492225466,-0.1330890430975332,-1.7526843826949978,0.4760562922356335,SPD
Mathias Middelberg,0.9663383706390075,1.0782497229199315,0.8141509611359213,0.07908141702565187,CDU/CSU
Mathias Papendieck,-0.942489269152213,-0.12906441729755835,-1.9691354864052166,0.5233519704147823,SPD
Mathias Stein,-1.9275852151927653,-0.44049285129958926,-3.1121580204971706,0.9080102696102045,SPD
Matthias Gastel,-0.5840704559455088,-0.08704182197096054,-1.6740094288988319,0.44589497515474774,BÜNDNIS 90/DIE GRÜNEN
Matthias Hauer,0.9592329074569179,1.036116810456143,0.8457072131127883,0.0501634177598368,CDU/CSU
Matthias Helferich,1.4994995596573153,1.696463414259998,1.4081543365688116,0.08412486515098053,fraktionslos
Matthias Miersch,-0.8485015173898237,-0.3026840655161088,-1.219187817069595,0.2911293539516765,SPD
Matthias Mieves,-1.2028446114521663,-0.11490627799590906,-2.0892578389329133,0.6270552573523113,SPD
Matthias Moosdorf,1.4241661118633748,1.469110602270526,1.3861825709721467,0.02200362123371627,AfD
Matthias Seestern-Pauly,-0.04294052124012207,0.20307423308844247,-0.42961036583670875,0.15580328768382726,FDP
Matthias W. Birkwald,1.3445675956488328,1.3768822607010907,1.2972910952673977,0.01886541422498474,DIE LINKE.
Max Lucks,-0.3724672606889889,0.04456715606586736,-0.7696474154163817,0.20033905144139136,BÜNDNIS 90/DIE GRÜNEN
Max Mordhorst,-0.2140275597188703,0.183536733581161,-1.2984198074098194,0.38402796022365304,FDP
Max Straubinger,1.0236041351820881,1.1019444619706524,0.9223202111329616,0.04796430403510559,CDU/CSU
Maximilian Funke-Kaiser,-0.48733314434336994,0.014688165907574213,-1.0403179324436682,0.3008037293901839,FDP
Maximilian Mörseburg,0.9667887100367765,1.0450850599557364,0.8645270604207043,0.05057466142543365,CDU/CSU
Mechthild Heil,0.9543716746587061,1.0632195337455426,0.7877577255329475,0.06922455432071507,CDU/CSU
Mechthilde Wittmann,0.9626086505638587,1.0298177914515727,0.8391656689476674,0.05055598308521668,CDU/CSU
Melanie Bernstein,0.9581958173997663,1.0635597510282189,0.8268366926444763,0.060297324281610935,CDU/CSU
Melanie Wegling,-0.825335987173923,-0.07167248652131977,-1.9022437148318896,0.49603969442411106,SPD
Melis Sekmen,-0.18621770776606278,0.2362772092927451,-0.6422693011673506,0.22032346640801967,BÜNDNIS 90/DIE GRÜNEN
Merle Spellerberg,-0.8381234722179919,-0.16354297039749363,-1.7892897141852084,0.4350728773337039,BÜNDNIS 90/DIE GRÜNEN
Metin Hakverdi,-0.6603738475866726,-0.06839778695305673,-1.058513843921045,0.3194958673751392,SPD
Michael Brand,0.9493952872243675,1.0681559778507235,0.8572481142129357,0.05559092149982118,CDU/CSU
Michael Breilmann,0.9157483817788457,0.9972591485020417,0.8338600379996555,0.043063000710947784,CDU/CSU
Michael Donth,0.9583759077025249,1.0475493355284258,0.8444622336677995,0.05084125482396471,CDU/CSU
Michael Espendiller,1.533233832144019,1.6503742167433901,1.4161848458306634,0.07469275958004518,AfD
Michael Frieser,0.9445014593079399,1.0518474144970043,0.8309756114422828,0.05532650021918306,CDU/CSU
Michael Gerdes,-1.3554295241059588,-0.30510549138668563,-2.10114860660784,0.6006489510440914,SPD
Michael Grosse-Brömer,0.9620859739685007,1.056593287098107,0.844460647037122,0.058037393523227114,CDU/CSU
Michael Hennrich,0.92058313807524494,1.0551415164564728,0.789887839856691,0.07786006905687351,CDU/CSU
Michael Kaufmann,1.65165022550269,1.9615475358856858,1.4593469737984115,0.13761580913845864,AfD
Michael Kellner,-0.06576274033231481,0.17906322356164106,-0.5399649316709639,0.20646911940731896,BÜNDNIS 90/DIE GRÜNEN
Michael Kießling,0.9409941843158991,1.0467973858391133,0.7988497227715684,0.05954970119705569,CDU/CSU
Michael Kruse,-0.374236931687082,0.05741556529916465,-0.6995433085602103,0.20414080282783825,FDP
Michael Link,-0.18669018776656499,0.17309263331087685,-0.5924202479235372,0.21971378647555653,FDP
Michael Meister,0.967863333055041,1.0567332809939316,0.8710570636083987,0.04954609029297015,CDU/CSU
Michael Müller,-1.318987034269477,-0.2234974502547877,-2.4879139865104314,0.7172103790829042,SPD
Michael Roth,-0.8911374028390809,-0.13506285270739793,-1.3927032932534298,0.33886079652974166,SPD
Michael Sacher,-1.9299508292169774,-1.3206992352677347,-2.4790464277914683,0.39342329209005156,BÜNDNIS 90/DIE GRÜNEN
Michael Schrodi,-0.9733086845861325,-0.3802517056090201,-1.8735420473198023,0.41249375298912716,SPD
Michael Theurer,-0.3568841383228818,0.09805261920040657,-1.024150318728118,0.29220778011231174,FDP
Michael Thews,-1.4312856568488954,-0.44552903914657527,-2.635168425676265,0.5227337982817054,SPD
Michelle Müntefering,-1.05362005833317,-0.4086637490849294,-1.4932565433720462,0.3410253834763097,SPD
Mike Moncsek,1.6600823290758608,1.8559794828855807,1.4776049409791177,0.11193861137911774,AfD
Misbah Khan,-0.8485185248486025,-0.2099919435434612,-1.844006211245267,0.5336009916349107,BÜNDNIS 90/DIE GRÜNEN
Monika Grütters,0.9431978219124877,1.0389691996597226,0.81452621155809,0.050044853373237004,CDU/CSU
Moritz Oppelt,0.9672072255151996,1.054297946688508,0.8332893417479595,0.05549717612393522,CDU/CSU
Muhanad Al-Halak,-0.329600401323395,0.10493016204063285,-0.787211382299905,0.2272912776619789,FDP
Nadine Heselhaus,-0.8552187300158322,-0.26906606252840526,-1.7957114324939096,0.3480101934792904,SPD
Nadine Ruf,-0.8477959628586712,0.028066220423470515,-1.8314691711598252,0.4370851603226355,SPD
Nadine Schön,0.989229574565188,1.0726326278327267,0.8808442622671421,0.0541774275608828,CDU/CSU
Nadja Sthamer,0.40994779721593394,0.49370941382438704,0.31362861613626025,0.04427511229228524,SPD
Natalie Pawlik,-1.0647198159670677,-0.3531194940668392,-1.752285710158938,0.39111842203746255,SPD
Nezahat Baradari,-0.9486559796791558,-0.13340507602548837,-2.184805566879801,0.6911157008653034,SPD
Nico Tippelt,0.16013950137366612,0.3255545076512635,-0.03505940550275001,0.08375387756261836,FDP
Nicolas Zippelius,0.9313902037318202,1.0303408272732217,0.8022268159397699,0.05292436465617296,CDU/CSU
Nicole Bauer,-0.4962398179163227,0.19162709118633076,-1.1076958283133544,0.4161920436511087,FDP
Nicole Gohlke,1.3267771323384165,1.3652916675140225,1.2811975435107121,0.024921490918051094,DIE LINKE.
Nicole Höchst,1.5349566680600881,1.6578772549835774,1.42505099369962,0.05707894479219927,AfD
Nicole Westig,-0.43481705105917223,0.0314151862497393,-1.1377117384493889,0.31766695888056484,FDP
Niels Annen,-0.8238318461255147,-0.2038275267781473,-1.781334318909476,0.399240882037433,SPD
Niklas Wagener,-1.0440288255029124,-0.11687581390624861,-2.3330967536689786,0.571191111223234,BÜNDNIS 90/DIE GRÜNEN
Nils Gründer,-0.6441322174924989,0.07982415102953849,-1.3983325656487875,0.4373939056332072,FDP
Nils Schmid,-1.3422282147732003,-0.32154057187279295,-1.8639859288707297,0.44719335522340725,SPD
Nina Scheer,-1.1950482732052272,-0.38011620610993774,-2.8069930538525707,0.5438687755328758,SPD
Nina Stahr,-1.0129882081736454,-0.10151508100668938,-2.6035837146111915,0.6117627727003918,BÜNDNIS 90/DIE GRÜNEN
Nina Warken,0.9542648727171045,1.044383424123456,0.8379214921912309,0.059780586822880045,CDU/CSU
Norbert Kleinwächter,1.480946932981807,1.6138393299699294,1.3989480673949153,0.053458024554510014,AfD
Norbert Maria Altenkamp,0.9589042084422098,1.0598541669585804,0.8474913348475932,0.05313068422434493,CDU/CSU
Norbert Röttgen,0.927559053351823,1.0525254896160374,0.795836948557318,0.06677067391288773,CDU/CSU
Nyke Slawik,-0.08614121827673647,0.2316862914360353,-0.5180206730999551,0.22086644789834742,BÜNDNIS 90/DIE GRÜNEN
Olaf in der Beek,-0.4013782733904979,0.03496996022109219,-1.036977981605037,0.2822263312293979,FDP
Olaf Scholz,-1.9724687218300867,-1.1650480942551757,-3.5390187620316356,0.8184070689352199,SPD
Olav Gutting,1.0190980152895208,1.0895621840204623,0.8764645015888113,0.050433028240825746,CDU/CSU
Oliver Grundmann,0.9348426873102277,1.0353644889932982,0.7951784934369903,0.0697694258269945,CDU/CSU
Oliver Kaczmarek,-0.7894111850239278,-0.2744771593258877,-2.3933518835330654,0.4645942428370875,SPD
Oliver Krischer,-0.7690880213289393,0.27368983190033436,-1.826925664101476,0.5847925808500021,BÜNDNIS 90/DIE GRÜNEN
Oliver Luksic,-0.2785105440645748,0.14493043754647805,-0.8646551244112625,0.2539246793658487,FDP
Oliver Vogt,0.9898399998276611,1.0828253662978313,0.8512333390964076,0.05820305278766093,CDU/CSU
Omid Nouripour,-0.6872970601154167,-0.15143753635653046,-1.3813018175500682,0.30600486668575533,BÜNDNIS 90/DIE GRÜNEN
Ophelia Nick,-1.4919907246187691,-0.15565687363827801,-2.0761959677147144,0.4910165165188937,BÜNDNIS 90/DIE GRÜNEN
Ottilie Klein,0.9607627973332468,1.050050661165141,0.8359542032239344,0.059771029153197715,CDU/CSU
Ottmar von Holtz,-0.8406035620234064,0.04103989827299351,-1.7255337802205026,0.4072805561877687,BÜNDNIS 90/DIE GRÜNEN
Otto Fricke,-0.7240845853837329,0.02422159589576186,-1.3534520738488818,0.4353184312729299,FDP
Parsa Marvi,-1.0035587708743692,-0.4841020279771316,-2.0710901664760586,0.40030583616402,SPD
Pascal Kober,-0.28149735599381487,0.17574594787989342,-0.8738574527963814,0.26959154250532164,FDP
Pascal Meiser,1.3151299506252656,1.378818904323997,1.2578553386501028,0.033312591372855437,DIE LINKE.
Patricia Lips,0.9911460372554104,1.1008892824049603,0.839671660088301,0.07963769416168404,CDU/CSU
Patrick Schnieder,0.935084609939836,1.0453117086302213,0.8384652834877965,0.0617043232612107,CDU/CSU
Paul Lehrieder,0.9697821112683607,1.0701399076552287,0.8513497195214752,0.05952499974456546,CDU/CSU
Paul Ziemiak,0.9621545616126601,1.064202470487488,0.832067788226436,0.061345320277588634,CDU/CSU
Paula Piechotta,-0.8506225617203204,0.044247572738317614,-1.8734197648889206,0.5090531000997045,BÜNDNIS 90/DIE GRÜNEN
Peggy Schierenbeck,-0.8615932773806254,-0.17828622083759954,-2.343008124230363,0.4984298913070852,SPD
Peter Aumer,0.9279586373734773,1.0281898597725716,0.8206968324725569,0.05881493091405466,CDU/CSU
Peter Beyer,0.9348786790171466,1.0205192205501685,0.8115490256006894,0.05447580455136688,CDU/CSU
Peter Boehringer,1.5485166085916728,1.6791112685559557,1.4161225828716275,0.08477161751959582,AfD
Peter Felser,1.4647299624883068,1.5352636531407717,1.3986656340161048,0.0410407140302581,AfD
Peter Heidt,-0.460646019411709,0.026886718876075806,-0.8055394833826122,0.2341948580696858,FDP
Peter Ramsauer,0.9908766936255149,1.1052859704803875,0.7977818445104135,0.08015880056956529,CDU/CSU
Petr Bystron,1.80340767253111,2.1491140891490175,1.433573443952307,0.16549495401091527,AfD
Petra Nicolaisen,0.9565545707522907,1.053487543754604,0.888801477243305,0.044650465136534326,CDU/CSU
Petra Pau,1.3454150585742217,1.37441148659408,1.296719998287493,0.018918086292532617,DIE LINKE.
Petra Sitte,1.3251386077781222,1.3670414338838128,1.286054916091632,0.02096769247850832,DIE LINKE.
Philip Krämer,-1.3152654091425302,-0.3109890185285345,-2.0918561867178678,0.48470303845745877,BÜNDNIS 90/DIE GRÜNEN
Philipp Amthor,0.9803139835370226,1.063523499726434,0.9239666860211874,0.03699251288588349,CDU/CSU
Philipp Hartewig,-0.30140297537018607,0.00859417351446394,-0.9128133498824106,0.24210702755935615,FDP
Rainer Keller,-1.1301658861024215,-0.20434388667438103,-1.9655717598855258,0.44239229883242065,SPD
Rainer Kraft,1.4306246113347627,1.4805686279274908,1.3967176914796724,0.02265045421077653,AfD
Rainer Rothfuß,1.6136208936363914,1.800380797582842,1.4152996914602105,0.11195796223526958,AfD
Rainer Semet,-0.39728084210033965,0.01479162115180119,-0.8619243623234601,0.25173579275512953,FDP
Ralf Stegner,-0.8349035542083447,-0.0680143546118253,-1.7657789166376983,0.4911585442279714,SPD
Ralph Brinkhaus,0.9528889531033282,1.0505250868409481,0.8699401882736446,0.046659422406997664,CDU/CSU
Ralph Edelhäußer,0.9835264642035199,1.0493635260888488,0.8705253076928887,0.04573889537639756,CDU/CSU
Ralph Lenkert,1.334065777054853,1.3627957082101747,1.2936057707666229,0.018818022575317953,DIE LINKE.
Rasha Nasr,-0.39939523335787774,3.570415524053502e-4,-0.7111466874220905,0.20431721218403584,SPD
Rebecca Schamber,-1.2368471235893714,-0.20888256453954954,-2.1989520355086305,0.5437607581546975,SPD
Reem Alabali Radovan,-0.9869808855316343,-0.008443862067389979,-2.189002875180185,0.5442813041667942,SPD
Reginald Hanke,-0.4693424267640185,0.13992011048582528,-2.1261604838219936,0.583246601239307,FDP
Reinhard Brandl,0.9431816842381342,1.0349461603013002,0.8519586706167468,0.044089112758309096,CDU/CSU
Reinhard Houben,-0.4361591716910412,-0.017479677263104884,-0.8474373463649345,0.2358093217659306,FDP
Renata Alt,-0.059991854501966625,0.1854238350890491,-0.4448350427209382,0.17998531604199117,FDP
Renate Künast,-1.5028688234545668,-0.8148065458576517,-2.3155104450346755,0.35813527625839536,BÜNDNIS 90/DIE GRÜNEN
René Bochmann,1.593819797233495,1.7390799334891813,1.4269750108988997,0.08366009877754157,AfD
René Springer,1.5185417073483365,1.7433339088143294,1.4108114929919346,0.08807357001160125,AfD
Ria Schröder,-0.20287823736173433,0.08421953199431638,-0.4806423886861257,0.1374408874924851,FDP
Ricarda Lang,-0.7950998508075954,-0.03275426557442108,-1.703496680453656,0.4538315502442946,BÜNDNIS 90/DIE GRÜNEN
Rita Hagl-Kehl,-1.487280128612661,-0.6237260950219979,-2.4131987671013304,0.48852525158518484,SPD
Rita Schwarzelühr-Sutter,-1.6468831843096778,-0.26898873885028274,-2.4229751479879544,0.5522301595253076,SPD
Robert Farle,1.555122717890317,1.7571417754593752,1.4214529179017026,0.0917751229811733,fraktionslos
Robert Habeck,-1.5273920498998295,-0.43367253912431264,-2.478498667651134,0.5760450362197764,BÜNDNIS 90/DIE GRÜNEN
Robin Mesarosch,-0.6530615198672174,-0.17812895512268911,-1.3341671732397802,0.3348529906987639,SPD
Robin Wagener,-1.4300128404426578,-0.4687877989078924,-3.1292804496181077,0.6249877038739398,BÜNDNIS 90/DIE GRÜNEN
Roderich Kiesewetter,0.9397968895319035,1.061253235301251,0.8373952026205179,0.0650125693832676,CDU/CSU
Roger Beckamp,1.449619817497053,1.5191194774657837,1.3875556490665926,0.03834808447386853,AfD
Rolf Mützenich,-1.0522382172438507,-0.2807406822361842,-2.3251635663411,0.49713821259073426,SPD
Ronja Kemmer,0.926573452478118,1.041059619185301,0.8352642552547438,0.05954615239147767,CDU/CSU
Rüdiger Lucassen,1.4468836014831847,1.5020691858535977,1.400917775745684,0.029090386736048513,AfD
Ruppert Stüwe,0.4610646856237402,0.5357979804180342,0.39523833146393983,0.04372413944361963,SPD
Sabine Dittmar,-1.0576183564737254,-0.12693915870074896,-1.8645358260268439,0.47689811574115143,SPD
Sabine Grützmacher,-0.2042841174279551,0.19345661670500938,-0.4896045274128612,0.1785623732129409,BÜNDNIS 90/DIE GRÜNEN
Sabine Poschmann,-1.0240828365942944,-0.3544039094954253,-2.0671773183432594,0.42554839947838496,SPD
Sabine Weiss,0.9819409903656957,1.0868767299796485,0.8393020450116478,0.06160880970952065,CDU/CSU
Sahra Wagenknecht,1.3764281031447712,1.3993481684072568,1.3422015070143787,0.015978032474133538,DIE LINKE.
Sanae Abdi,-1.7185053515403508,-0.8422700094486545,-2.436114208910035,0.4308363016935722,SPD
Sandra Bubendorfer-Licht,-0.4381526233381289,0.07968907322633662,-0.9137879058296356,0.2938477725536853,FDP
Sandra Detzer,-0.8710644664997751,-0.15937055440916242,-2.1174799770301087,0.5353409473739934,BÜNDNIS 90/DIE GRÜNEN
Sandra Weeser,-0.3742205345533004,0.05308453879561957,-0.8044405390002787,0.2803703937408401,FDP
Sara Nanni,-0.8989485732192203,-0.2572597032068382,-1.7861442011732085,0.4548591884657537,BÜNDNIS 90/DIE GRÜNEN
Sarah Lahrkamp,-0.9748886639753194,-0.11945980722167095,-2.0242239992538327,0.4928820351702246,SPD
Sarah Ryglewski,-1.162311861685024,-0.22387246059621554,-2.1282099119781877,0.49439331857480767,SPD
Sascha Müller,-0.9027849938124612,-0.3250083182849674,-1.7269363529438468,0.361630612077118,BÜNDNIS 90/DIE GRÜNEN
Saskia Esken,-0.8514451769966517,-0.26173829486153977,-1.7931281293263268,0.36624476273114814,SPD
Saskia Weishaupt,-1.3588647374052685,-0.15652280933931548,-2.647066902620058,0.607833107900213,BÜNDNIS 90/DIE GRÜNEN
Schahina Gambir,-1.4472247033526844,-0.1601453118497162,-2.511369374250336,0.8265226820899783,BÜNDNIS 90/DIE GRÜNEN
Sebastian Brehm,0.9242568747577707,1.0223300331128429,0.8493369872569251,0.0488085433146865,CDU/CSU
Sebastian Fiedler,-0.5374299456434484,0.03110596086506954,-0.9710115203976388,0.28169621306501763,SPD
Sebastian Hartmann,-0.4948103501803301,0.07599953073227245,-1.3400872330470182,0.4121516867092595,SPD
Sebastian Münzenmaier,1.522029659515511,1.6104484408830615,1.4240260079269411,0.04482351799940444,AfD
Sebastian Roloff,-1.1776828655790021,-0.5136555909722569,-1.6052822980455175,0.26485026624293134,SPD
Sebastian Schäfer,-1.3500603768963173,-0.16231587827572241,-2.099814833638966,0.5719404761999627,BÜNDNIS 90/DIE GRÜNEN
Sepp Müller,0.9835499088240657,1.0752131471372761,0.848637616836924,0.054028470086805135,CDU/CSU
Serap Güler,0.9556867562234198,1.0535935217459882,0.8035077368693494,0.07592359880383155,CDU/CSU
Sevim Dağdelen,1.378083398009602,1.3986142213813506,1.3503402505064304,0.013735919754043148,DIE LINKE.
Siemtje Möller,-1.0607636882103246,-0.25927731337246074,-2.1349851210634485,0.48636981039837895,SPD
Silke Launert,0.9680596115224293,1.0524284624432367,0.8441520536257131,0.05821151928677748,CDU/CSU
Silvia Breher,0.9845113311887806,1.0597236707246267,0.8749677498396771,0.053820955054144914,CDU/CSU
Simona Koß,-1.2744275953217186,-0.41296144554696557,-2.1252488889290073,0.44558323091285773,SPD
Simone Borchardt,1.0020457220050643,1.0685839893151516,0.9123682325797848,0.0416959645931592,CDU/CSU
Sonja Eichwede,-1.4266396483802706,-0.6013495958751638,-2.2785213720875865,0.41161221136159243,SPD
Sönke Rix,-1.004591914250583,-0.382611031903711,-1.60476910808215,0.35941730292982055,SPD
Sören Bartol,-0.824647153555568,-0.1379889170610346,-1.8508885298278548,0.43669495776636513,SPD
Sören Pellmann,1.348795323610481,1.37681920494308,1.3090320185737518,0.020022207525640896,DIE LINKE.
Stefan Gelbhaar,-1.060867224661216,-0.12271295627878992,-1.8053621620285731,0.5359252790650545,BÜNDNIS 90/DIE GRÜNEN
Stefan Heck,0.9882639601968096,1.0701594596916315,0.876872602424487,0.05852884713792321,CDU/CSU
Stefan Kaufmann,0.8837196917494989,1.1164273671452163,0.7086647806596056,0.11443597073811765,CDU/CSU
Stefan Keuter,1.5089717499290838,1.6211898126804933,1.4085969561339897,0.05531539663420795,AfD
Stefan Müller,0.9459720969033212,1.0596351949066438,0.8201872782183333,0.06386226963770987,CDU/CSU
Stefan Nacke,0.9755753765496479,1.0509823521701258,0.8610876347499794,0.05353936299542677,CDU/CSU
Stefan Rouenhoff,0.9522871776080588,1.0435033289235616,0.8562050469685729,0.05104365473900777,CDU/CSU
Stefan Schmidt,-0.9534324051962046,-0.45339844519577194,-1.748100915910368,0.3901722516257709,BÜNDNIS 90/DIE GRÜNEN
Stefan Schwartze,-0.734895666695548,-0.20060520649652647,-1.8233876774286761,0.4258896031231803,SPD
Stefan Seidler,0.540559496944496,0.5930478119824805,0.4898613412287023,0.027919815586156606,fraktionslos
Stefan Wenzel,-0.6671738287348282,0.1441163047256837,-1.7096302639049485,0.5206511996478105,BÜNDNIS 90/DIE GRÜNEN
Stefan Zierke,-1.428509907793014,-0.6648444552942172,-1.9402393662613073,0.4368474813036652,SPD
Steffen Bilger,0.9502222749287987,1.0560643690584608,0.8105103511241711,0.056734436295759506,CDU/CSU
Steffen Janich,1.7440511941474564,2.0757137541026753,1.525252840176579,0.12446713625923035,AfD
Steffen Kotré,1.5034130683538245,1.6875300159301658,1.4070702662880992,0.07315907808721477,AfD
Steffi Lemke,-0.8332340943495243,-0.197940318201094,-1.4317687961443237,0.32623902986024056,BÜNDNIS 90/DIE GRÜNEN
Stephan Albani,0.9694258308809344,1.0656757122802256,0.8458072404414959,0.05506208382789189,CDU/CSU
Stephan Brandner,1.7192278799894247,2.028741765793138,1.478392255056861,0.12524000001441424,AfD
Stephan Mayer,0.9702765454425832,1.0568940437289671,0.846632716115693,0.05706924816699952,CDU/CSU
Stephan Pilsinger,0.9590540281656439,1.0425190739766788,0.8370207986876798,0.049051378848229334,CDU/CSU
Stephan Protschka,1.4788695517181243,1.5656194676895705,1.3969285366411848,0.04116153898825391,AfD
Stephan Seiter,-0.2591173992262259,0.14320201976857638,-0.7654434171291201,0.2614978052431198,FDP
Stephan Stracke,0.9315468583065427,1.014266186443312,0.8296333827535338,0.045416553120174064,CDU/CSU
Stephan Thomae,-0.16391953102890855,0.1811575637620583,-0.4666673896022329,0.17287959220902338,FDP
Stephanie Aeffner,0.21257751224946633,0.3523238167194248,0.03950835113478604,0.08885472921054062,BÜNDNIS 90/DIE GRÜNEN
Susanne Ferschl,1.3386360295878994,1.3742215603552657,1.2915533344802101,0.023035431447883885,DIE LINKE.
Susanne Hennig-Wellsow,1.3018660633144101,1.3579116269937332,1.2136939709983718,0.03153289726206211,DIE LINKE.
Susanne Hierl,0.955776061694699,1.0384470184276426,0.836569112726049,0.05317699561050898,CDU/CSU
Susanne Menge,-0.13602731927402872,0.1687995246142627,-0.5510995767494999,0.20222162949241895,BÜNDNIS 90/DIE GRÜNEN
Susanne Mittag,-1.195059557428557,-0.6383982478699936,-1.950066015851335,0.38592183537938385,SPD
Sven Lehmann,-1.8495188516989987,-0.4120776908898123,-3.6539177508523135,1.0868482121081486,BÜNDNIS 90/DIE GRÜNEN
Sven-Christian Kindler,0.04236073235778346,0.2870208193899295,-0.35624759429512814,0.18037214601313314,BÜNDNIS 90/DIE GRÜNEN
Svenja Schulze,-1.7621050980375494,-0.43199348621331335,-3.230689159304616,0.9223717031232787,SPD
Svenja Stadler,-0.8626437371090021,-0.20238501386018215,-1.5091992304759891,0.3950914501088934,SPD
Swantje Michaelsen,0.07549230510123783,0.28558806155016986,-0.10047228653696301,0.10746144456674261,BÜNDNIS 90/DIE GRÜNEN
Sylvia Lehmann,-2.0334017845639685,-0.6495383163757044,-2.8001084515461607,0.4807644147898324,SPD
Tabea Rößner,-0.6260801836736759,-0.05580675194816341,-1.5334133249188457,0.4145927624309087,BÜNDNIS 90/DIE GRÜNEN
Takis Mehmet Ali,-1.0703074940692343,-0.15598757573050026,-1.6337997638398039,0.46577017762449363,SPD
Tanja Machalet,-1.2811713711789887,-0.5525902392051879,-1.8514238487301793,0.3990845278526888,SPD
Tessa Ganserer,-0.3485169065855395,0.2048158852899027,-1.0516158954981603,0.29962609547468927,BÜNDNIS 90/DIE GRÜNEN
Thomas Bareiß,0.9773987484181808,1.0860751365081336,0.8370346204986928,0.06543638574908003,CDU/CSU
Thomas Dietz,1.6030801681861158,1.7810161581221,1.40776475188526,0.10953343966655807,AfD
Thomas Ehrhorn,1.4488858533328839,1.5239036073260348,1.3927314303772524,0.035748488138841884,AfD
Thomas Erndl,0.9604834196367925,1.0475622052993097,0.8612707205854946,0.05314163605496014,CDU/CSU
Thomas Gebhart,0.9493944052987864,1.0765395853673938,0.8205487840603184,0.06896603774176087,CDU/CSU
Thomas Hacker,-0.49232642457637543,0.009850543657153061,-0.9898959004509841,0.3131976226534711,FDP
Thomas Heilmann,0.959391526229082,1.0600597245434007,0.829518771361409,0.06952677983885089,CDU/CSU
Thomas Hitschler,-1.0110354987423988,-0.4471440235936114,-1.5276743137859392,0.3026172176598629,SPD
Thomas Jarzombek,0.9901895514268457,1.0574614040489347,0.8890907166648687,0.04579506343154596,CDU/CSU
Thomas Lutze,1.1713821544006882,1.205503605421543,1.130206439196149,0.020801969935700187,DIE LINKE.
Thomas Rachel,0.9319557443189803,1.0493386981233948,0.8309018693241182,0.059722620800050044,CDU/CSU
Thomas Röwekamp,0.9289033854951141,0.9920312863449108,0.8371302818254114,0.039300019781713574,CDU/CSU
Thomas Sattelberger,-0.6998758296581398,0.2636868865507335,-1.5323039293379652,0.5147502357612587,FDP
Thomas Seitz,1.571662764066244,1.747242251880703,1.4317979568309314,0.08340505234178845,AfD
Thomas Silberhorn,0.9657962730298411,1.075222680131342,0.8594669785058309,0.05679007094700867,CDU/CSU
Thorsten Frei,0.9470734873777699,1.0321542363337828,0.8188050597534334,0.06324999589958452,CDU/CSU
Thorsten Lieb,-0.3074632944706261,0.06056602433628343,-1.0327800616758622,0.25353152856207506,FDP
Thorsten Rudolph,-1.1935243098970352,-0.3035780502381749,-1.969835989111405,0.4870385167930642,SPD
Till Mansmann,-0.2289515498243754,0.12074358117248439,-0.583722449482523,0.18913031970745278,FDP
Till Steffen,-0.9315297187977232,-0.018863449824545096,-2.061047247086494,0.5513163546856944,BÜNDNIS 90/DIE GRÜNEN
Tilman Kuban,0.9600011731071387,1.0871956227575164,0.8380290533751494,0.07297238587126394,CDU/CSU
Tim Klüssendorf,-1.1728361543390304,-0.41337303130161634,-2.2172161081274533,0.5319421288712054,SPD
Tim Wagner,-0.04103463079024567,0.3169237661311929,-0.6058601481560207,0.22267194280550126,FDP
Timo Schisanowski,-0.9689770142096292,-0.5581960128174459,-1.3719702588635485,0.25211073894582603,SPD
Timon Gremmels,-0.996107264153009,0.019466298920625742,-2.6012781397292173,0.6619834597822749,SPD
Tina Rudolph,-0.1497601603629835,0.25369169032815064,-0.6832301593728647,0.2566917311977449,SPD
Tina Winklmann,-8.161231014004585e-4,0.2107763751664601,-0.2899167517326342,0.13864826322045398,BÜNDNIS 90/DIE GRÜNEN
Tino Chrupalla,1.4829770576369312,1.5769929967858558,1.4045897019329217,0.05153850899074107,AfD
Tino Sorge,0.941662335274034,1.070519795763456,0.8342389785675424,0.056350659885978156,CDU/CSU
Tobias B. Bacherle,-0.7867468982708457,-0.16967315832044988,-1.5906297941028933,0.3688254538290837,BÜNDNIS 90/DIE GRÜNEN
Tobias Lindner,-0.5887720802788989,-0.03599424006259036,-1.1757003063137332,0.31515123470351153,BÜNDNIS 90/DIE GRÜNEN
Tobias Matthias Peterka,1.4853240878541456,1.5543782279901082,1.4089015151330002,0.03838798822289229,AfD
Tobias Winkler,0.9413773547465625,1.0530460300509765,0.8294202027604147,0.05408221026854657,CDU/CSU
Torsten Herbst,-0.3388473422244511,0.09778265241422815,-0.7952720457926877,0.25454115984375403,FDP
Udo Schiefner,-1.0225604001594308,-0.17599168847184327,-2.4508039618414994,0.8410528285393982,SPD
Uli Grötsch,-0.8037699844496576,-0.031035955518106402,-1.434741068465387,0.40322926300123585,SPD
Ulle Schauws,-0.7027293119241665,-0.08751676042524292,-1.406521266899741,0.3704348504534043,BÜNDNIS 90/DIE GRÜNEN
Ulrich Lange,0.9823532778468889,1.0805417541489404,0.8513881978929886,0.05787552309696777,CDU/CSU
Ulrich Lechte,0.09639915618569568,0.334045297477358,-0.20405374375847873,0.13986867169512468,FDP
Ulrike Bahr,0.2919627892154081,0.38834000598313384,0.185701909057362,0.05789204826094289,SPD
Ulrike Harzer,-0.33156604340448137,0.1274104128902922,-0.8119918485461288,0.24863620751045973,FDP
Ulrike Schielke-Ziesing,1.5421876077714596,1.7184736063558574,1.4151090318658337,0.08654514254313739,AfD
Ursula Groden-Kranich,-0.026729074483902472,1.023983080216741,-1.3049656388280697,0.686618390995735,CDU/CSU
Uwe Feiler,0.9616549841929904,1.0480183062551518,0.887520208273619,0.04098685448432276,CDU/CSU
Uwe Kekeritz,1.0574731668449944,1.3296239833098111,0.7156602832264436,0.16800040237405697,BÜNDNIS 90/DIE GRÜNEN
Uwe Schmidt,-0.8834581383923693,0.07115274398146579,-2.12700625230822,0.6237877833300941,SPD
Uwe Schulz,1.4941425044508112,1.6560713278142871,1.4006576985416084,0.07068850297204551,AfD
Uwe Witt,0.6246906323748848,1.8996723669563529,-0.8128696970055052,0.86618793245855,fraktionslos
Valentin Abel,-0.2322039614366201,0.10309623071096588,-0.5825307541786706,0.1682886497262426,FDP
Verena Hubertz,-1.1702039217101712,-0.49417920004627747,-1.9784194684474405,0.36731961923096473,SPD
Victor Perli,1.3416256675972633,1.3699010712249409,1.2999483223858503,0.019297465167042022,DIE LINKE.
Volker Mayer-Lay,0.9562771351742422,1.0581382485361803,0.8297858739499402,0.0598807180268794,CDU/CSU
Volker Münz,1.5574333737711608,1.8245551221722225,1.3690331282559214,0.13704415424787617,AfD
Volker Redder,-0.09884676722687054,0.20600900957618334,-0.39489266928512023,0.15550780408663034,FDP
Volker Ullrich,0.962189683967977,1.0483903986404877,0.8839899065380701,0.044548456934290145,CDU/CSU
Volker Wissing,-0.4886002748651365,0.023456642763310012,-1.0128788880352402,0.28191457623701544,FDP
Volkmar Klein,0.9427223592289913,1.0393649945958736,0.8195597417077123,0.06156730429348296,CDU/CSU
Wiebke Esdar,-1.7096356514204345,-0.9076972560763332,-2.5030055308789825,0.49409633023313987,SPD
Wiebke Papenbrock,-0.9397172504342123,-0.28030881662972146,-1.5258936666535343,0.32083092678972175,SPD
Wilfried Oellers,0.9385673727890899,1.039235419157671,0.8256615021115115,0.05396359334592461,CDU/CSU
Wolfgang Hellmich,-1.2354669889294023,-0.38479576042062513,-2.6273108342384526,0.5943196991585056,SPD
Wolfgang Kubicki,0.26833411312205946,0.4184308848665541,0.05284593215071628,0.10317581470911283,FDP
Wolfgang Schäuble,0.9292492957970065,1.041463302886275,0.7952028815509216,0.06707476672538319,CDU/CSU
Wolfgang Stefinger,0.9534160762838825,1.037812286110252,0.8630784112183593,0.04951413273833786,CDU/CSU
Wolfgang Strengmann-Kuhn,0.04763876956982908,0.25342961661914376,-0.16699715172975826,0.12387148821802832,BÜNDNIS 90/DIE GRÜNEN
Wolfgang Wiehle,1.4904439014373472,1.5744560876738858,1.4011874820696884,0.04805401606194568,AfD
Yannick Bury,0.9583694922855991,1.0508112567076429,0.8440254348239177,0.05824362862520456,CDU/CSU
Yasmin Fahimi,-0.7339174056707757,0.3270287097318467,-1.4127696204413518,0.5800008867402568,SPD
Ye-One Rhie,-0.2577513912219362,0.15657616585901624,-0.9031094103465764,0.2574725361758119,SPD
Yvonne Magwas,0.987908788714109,1.0779105166890162,0.8614337106863734,0.05282777315158498,CDU/CSU
Zaklin Nastić,1.3755205550886593,1.3928380737033232,1.3537828860552665,0.01037029275665816,DIE LINKE.
Zanda Martens,-1.0164554478684,-0.4678940296645496,-1.814204375199008,0.3250194112954546,SPD
Zoe Mayer,-1.1362701364678582,0.030672527264695264,-2.290707067924459,0.6921666351505323,BÜNDNIS 90/DIE GRÜNEN
