name,party,irt,svd_imp,svd_dc
Achim Post,SPD,-1.1891001808936532,0.042768554397289056,-0.031846352141719846
Adis Ahmetović,SPD,-0.7253101214811004,0.04279840975343121,-0.030490707999346934
Agnieszka Brugger,BÜNDNIS 90/DIE GRÜNEN,-0.8946026257312746,0.042997942546216354,-0.03129808310150801
Albert Rupprecht,CDU/CSU,1.03547670801574,0.028992824758857758,0.05485066821141118
Albert Stegemann,CDU/CSU,0.9128964081640956,0.029805621682585253,0.05257118519356756
Albrecht Glaser,AfD,1.435228027048362,0.01053383658589383,0.034442139255319616
Alexander Bartz,SPD,-0.58084951292272,0.043168949809357794,-0.022322566937871078
Alexander Dobrindt,CDU/CSU,0.982244822759431,0.029273649672252718,0.054659391104841845
Alexander Engelhard,CDU/CSU,0.9266074515897614,0.03223068279907825,0.04407737610949644
Alexander Föhr,CDU/CSU,0.9946468152517628,0.03205283092965989,0.03212577584575578
Alexander Gauland,AfD,1.5865192360562355,0.009714453092598432,0.028446430012765735
Alexander Graf Lambsdorff,FDP,-0.34586426132827763,0.04271136333009443,-0.013717410034592804
Alexander Hoffmann,CDU/CSU,0.9299771911342761,0.029221027076711373,0.056535420445939635
Alexander Müller,FDP,-0.3004041373243798,0.042912857067755335,-0.027659377675388837
Alexander Radwan,CDU/CSU,0.9686027325787965,0.029697669588103624,0.05618014172371507
Alexander Throm,CDU/CSU,0.965466055733122,0.030038926572360555,0.055185098782996544
Alexander Ulrich,DIE LINKE.,1.3835216380047173,0.011978530770471656,0.009465253704012378
Ali Al-Dailami,DIE LINKE.,1.3826237417401086,0.012610508756739344,0.007738282978200706
Alice Weidel,AfD,1.5181449682711745,0.012561286779756597,0.0289492026128595
Alois Rainer,CDU/CSU,0.9701212146193605,0.029090941039014995,0.05677165116252601
Amira Mohamed Ali,DIE LINKE.,1.3807051633934952,0.013538006711378987,0.010075375029256107
Ana-Maria Trăsnea,SPD,-0.8975764328017131,0.04081341257819998,-0.010165870491789004
André Berghegger,CDU/CSU,0.9415276655500981,0.029508271189012995,0.03948416326587969
André Hahn,DIE LINKE.,1.3491046940617943,0.011242097070713693,0.007383885535543521
Andrea Lindholz,CDU/CSU,0.9472418864421406,0.029051902567907458,0.051009025988109837
Andreas Audretsch,BÜNDNIS 90/DIE GRÜNEN,-0.8115954033600848,0.04311573232313577,-0.03336231944272081
Andreas Bleck,AfD,1.473639964068643,0.010953127619702397,0.03442451978930367
Andreas Jung,CDU/CSU,0.97076985574804,0.029841811575592153,0.051821829753748265
Andreas Larem,SPD,-1.5560756741328459,0.04319575518774208,-0.032587481471926014
Andreas Lenz,CDU/CSU,0.9632372422227656,0.029381753794200476,0.053835725216532675
Andreas Mattfeldt,CDU/CSU,0.9814771054066579,0.030279118594321277,0.04064924242349926
Andreas Mehltretter,SPD,-1.1915142602835096,0.04311375346856987,-0.03354184736624922
Andreas Philippi,SPD,-0.7369794994031584,0.041621339277934065,-0.014348751398664086
Andreas Rimkus,SPD,-0.642224702378987,0.04292780796867955,-0.03228542206326666
Andreas Scheuer,CDU/CSU,0.9808027555972072,0.028950110035249835,0.03736294397482
Andreas Schwarz,SPD,-0.7770040071783211,0.042455760459644436,-0.03168748692708813
Andrej Hunko,DIE LINKE.,1.3816311935076344,0.011628889700262268,0.006992824612246729
Andrew Ullmann,FDP,-0.6378034237121335,0.04290104262250243,-0.02944576805227629
Anette Kramme,SPD,-0.99434139367577,0.042848770842729325,-0.02745971265052399
Angela Hohmann,SPD,-0.5222454179945066,0.04258791297520244,-0.007367738690577223
Angelika Glöckner,SPD,-1.102640450622931,0.043266373995914376,-0.0321165876129786
Anikó Glogowski-Merten,FDP,-0.1600398915414241,0.04247319830435206,-0.03226839538045133
Anja Karliczek,CDU/CSU,0.9700208739844532,0.0300014768153622,0.05455417848730155
Anja Liebert,BÜNDNIS 90/DIE GRÜNEN,-1.0919914327438411,0.04312214679098734,-0.035397505173140706
Anja Reinalter,BÜNDNIS 90/DIE GRÜNEN,-1.173217038296421,0.04314457455683687,-0.03399494265778177
Anja Schulz,FDP,0.066185278622504,0.04251106760149109,-0.030059333806797792
Anja Troff-Schaffarzyk,SPD,-1.2787902461128198,0.04321145444096534,-0.03430801422087367
Anja Weisgerber,CDU/CSU,0.9707576247669553,0.030044652190136634,0.05405818876879057
Anke Domscheit-Berg,DIE LINKE.,1.3141017832836626,0.015866100492906102,0.0033458256563580605
Anke Hennig,SPD,-1.031589800103939,0.042917361604533126,-0.03282887755408206
Ann-Veruschka Jurisch,FDP,-0.20198417423382684,0.042662819418876424,-0.02769956214874878
Anna Christmann,BÜNDNIS 90/DIE GRÜNEN,-1.2306708392065986,0.04278394640473421,-0.031583494994930045
Anna Kassautzki,SPD,0.16889729510155174,0.041427785823819285,-0.02700120846949979
Anna Lührmann,BÜNDNIS 90/DIE GRÜNEN,-1.0905236189920973,0.04218084960885494,-0.03157673061858998
Annalena Baerbock,BÜNDNIS 90/DIE GRÜNEN,-0.8948339019273891,0.042634775912242226,-0.01845171205500126
Anne Janssen,CDU/CSU,0.9674649924263145,0.028964942224028983,0.055381627820708525
Anne König,CDU/CSU,0.9434541944080008,0.030229895259555953,0.04386931471499276
Anne-Monika Spallek,BÜNDNIS 90/DIE GRÜNEN,-1.2128502864731843,0.04333333249636587,-0.029260486634738965
Annette Widmann-Mauz,CDU/CSU,0.8967497340067097,0.03023174211890414,0.049005454841260426
Annika Klose,SPD,-0.3294082170680512,0.042805406332951726,-0.033512367895260506
Ansgar Heveling,CDU/CSU,0.9762272561115795,0.02917684034009752,0.05548444022584352
Antje Tillmann,CDU/CSU,0.9582711233375216,0.029686636350216525,0.051831776943048906
Anton Hofreiter,BÜNDNIS 90/DIE GRÜNEN,-0.6400697831365322,0.04305287183878033,-0.030320026083800116
Ariane Fäscher,SPD,-0.547872752562101,0.042791656217010594,-0.031280795387823856
Armand Zorn,SPD,-1.145423066143685,0.04294188439020801,-0.0344679793715309
Armin Grau,BÜNDNIS 90/DIE GRÜNEN,-0.6701895385948627,0.043024530014692954,-0.03285344493051353
Armin Laschet,CDU/CSU,0.9429870014540302,0.029476809350434098,0.044531192180961715
Armin Schwarz,CDU/CSU,0.9754721255150495,0.02962131647372333,0.034701642016851685
Artur Auernhammer,CDU/CSU,0.9256077698073288,0.03091187667562253,0.04877364802491673
Astrid Damerow,CDU/CSU,0.9820871355926156,0.03073664415479032,0.0447389824013191
Astrid Mannes,CDU/CSU,0.9285172946647265,0.034023839418625225,0.014601446450957307
Astrid Timmermann-Fechter,CDU/CSU,0.9648063337880775,0.029906418871116853,0.042356836879484515
Ates Gürpinar,DIE LINKE.,1.3403886407101406,0.013137192504626735,0.007352272974934892
Awet Tesfaiesus,BÜNDNIS 90/DIE GRÜNEN,-0.5749399824955611,0.04253642796280008,-0.03174033528744819
Axel Echeverria,SPD,-0.09588631366591945,0.04220828186707162,-0.03362250791352684
Axel Knoerig,CDU/CSU,0.9266696560900197,0.03001462598670275,0.050036297646881917
Axel Müller,CDU/CSU,0.9744728487050459,0.029365667698574086,0.05819294429253024
Axel Schäfer,SPD,-0.7614894766397129,0.0426694789342911,-0.031311458904876924
Aydan Özoğuz,SPD,-0.9456524454346239,0.043146560905887095,-0.0307557095165521
Barbara Benkstein,AfD,1.5009045473713134,0.010800573145973272,0.027959127821554092
Bärbel Bas,SPD,-1.0802397991047723,0.043104720737151075,-0.034534714760408494
Bärbel Kofler,SPD,-1.2705572081180085,0.04310181258926719,-0.03306893019000545
Beate Müller-Gemmeke,BÜNDNIS 90/DIE GRÜNEN,0.0036205985587337485,0.04186693214719554,-0.03269398804330016
Beate Walter-Rosenheimer,BÜNDNIS 90/DIE GRÜNEN,0.09993073896944908,0.04180756063390464,-0.023287482904556584
Beatrix von Storch,AfD,1.464425585015374,0.010725210944776107,0.03560808967296956
Bengt Bergt,SPD,-0.9616034295014676,0.04315730584151592,-0.03544961661420746
Benjamin Strasser,FDP,-0.1856751237874566,0.04292643025085541,-0.030141641563097035
Bernd Baumann,AfD,1.451766440954405,0.010278929390223549,0.032066170123574836
Bernd Reuther,FDP,-0.35278459861454003,0.042306732531002325,-0.02892514591014922
Bernd Riexinger,DIE LINKE.,1.3333014351819616,0.014120087255545139,0.0028158064644901617
Bernd Rützel,SPD,-0.7138863366836372,0.04307975232418203,-0.03370934409850021
Bernd Schattner,AfD,1.5450461708895284,0.009499266178879213,0.031440505999920564
Bernd Westphal,SPD,-1.0996025134808534,0.04274608955225348,-0.032427305937961774
Bernhard Daldrup,SPD,-1.3528213377416525,0.04334152401509631,-0.033761376260926554
Bernhard Herrmann,BÜNDNIS 90/DIE GRÜNEN,-0.5270374404803243,0.04282501468045018,-0.03273185279991072
Bernhard Loos,CDU/CSU,0.9350792281461382,0.029263098430705004,0.05477879063048193
Bettina Hagedorn,SPD,-1.1344793753463525,0.04324796424180151,-0.03567321323514368
Bettina Hoffmann,BÜNDNIS 90/DIE GRÜNEN,-1.1484942326234322,0.042889532270902156,-0.03341387481099743
Bettina Lugk,SPD,-0.7630359399186785,0.04284198539469132,-0.03127837204303053
Bettina Müller,SPD,-0.5010778179227104,0.04042101513292005,-0.02186625206998488
Bettina Stark-Watzinger,FDP,-0.13362536746842799,0.04218924067504311,-0.02362375655887365
Bettina Wiesmann,CDU/CSU,0.9076595501665241,0.035222746399157734,0.01329929021053648
Bijan Djir-Sarai,FDP,-0.11073366419209188,0.04236090829739664,-0.027298871657775944
Björn Simon,CDU/CSU,0.9594069185704721,0.030489294542344562,0.052173626496124
Boris Mijatović,BÜNDNIS 90/DIE GRÜNEN,-0.8139314589898071,0.04321194981056402,-0.03284448515832902
Brian Nickholz,SPD,-0.9091178414742644,0.0432241572589661,-0.035690111898739524
Britta Haßelmann,BÜNDNIS 90/DIE GRÜNEN,-0.93824121431784,0.04314327394429654,-0.03524673244512128
Bruno Hönel,BÜNDNIS 90/DIE GRÜNEN,-1.0416341861179894,0.04274852220520158,-0.03381699009841457
Canan Bayram,BÜNDNIS 90/DIE GRÜNEN,1.0888287773483063,0.025948448245649958,-0.027600428426121808
Cansel Kiziltepe,SPD,-1.0285248678626329,0.0423798338599464,-0.014288454999183225
Caren Lay,DIE LINKE.,1.3239725865557126,0.01544757044879354,-4.641619249595154e-4
Carina Konrad,FDP,-0.17753004930358193,0.04290579001320325,-0.028571293721084023
Carl-Julius Cronenberg,FDP,-0.22129720065533315,0.042788018757399064,-0.027842198021203114
Carlos Kasper,SPD,-0.16817116109550018,0.04297874305502735,-0.03328272437010517
Carmen Wegge,SPD,-0.6297897789914345,0.04284539360202964,-0.0344470480320348
Carolin Bachmann,AfD,1.7987610908917315,0.008362888983735606,0.02564291463796238
Carolin Wagner,SPD,-0.2422552091092288,0.042333491764543395,-0.0327801927123448
Carsten Brodesser,CDU/CSU,0.9673496973403034,0.028953362117742357,0.057957945214118366
Carsten Körber,CDU/CSU,0.9186476128464699,0.02883575691644144,0.04700448868188218
Carsten Linnemann,CDU/CSU,0.9910496505574888,0.028746318920712752,0.05454344281022125
Carsten Müller,CDU/CSU,0.936952594442511,0.028899459883760303,0.05690819626073374
Carsten Schneider,SPD,-1.0298000327409924,0.04271826596848408,-0.030176507852792675
Carsten Träger,SPD,-1.6696541974627388,0.0432548322806489,-0.03566544145099157
Catarina dos Santos-Wintz,CDU/CSU,0.9428486855529796,0.02903116291501679,0.05578136930508049
Cem Özdemir,BÜNDNIS 90/DIE GRÜNEN,-0.793770208981656,0.04339175562357525,-0.02720912803786453
Chantal Kopf,BÜNDNIS 90/DIE GRÜNEN,-1.016574805197702,0.042308575820489275,-0.03205497994552706
Christian Bartelt,FDP,-0.36284817554693843,0.04127223217135823,-0.012063787647196298
Christian Dürr,FDP,-0.13445077252495102,0.042652989398410335,-0.028868554762514383
Christian Görke,DIE LINKE.,1.3399623999857275,0.013852753508269979,0.003435329466802945
Christian Haase,CDU/CSU,0.9926213376089036,0.029512975557980648,0.05149717833136037
Christian Hirte,CDU/CSU,0.9580592358542556,0.029025812633852257,0.056492638012361644
Christian Kühn,BÜNDNIS 90/DIE GRÜNEN,-0.9777881454540902,0.04236906318443676,-0.02561519011726479
Christian Leye,DIE LINKE.,1.381532061292603,0.010353015665959822,0.002949544781242313
Christian Lindner,FDP,-0.03281271380032191,0.04036846734115561,-0.017881206238613712
Christian Petry,SPD,-0.802119404590693,0.0427807639764086,-0.022181296488870624
Christian Sauter,FDP,0.13649580497297462,0.041857225667749534,-0.024431140988280618
Christian Schreider,SPD,-1.6211753958907185,0.04306628761848864,-0.03131297265777295
Christian von Stetten,CDU/CSU,0.9782483861842906,0.029540714609344883,0.056512311719569934
Christian Wirth,AfD,1.4415865725002366,0.010152721709932585,0.033030716155612865
Christiane Schenderlein,CDU/CSU,0.9356732859191512,0.02948594989573939,0.05370266882221647
Christina Baum,AfD,1.667269648547498,0.007336275001488273,0.02526871771165643
Christina Stumpp,CDU/CSU,0.9311060050619447,0.030274530725582297,0.04548858614921841
Christina-Johanne Schröder,BÜNDNIS 90/DIE GRÜNEN,-0.8170033436912787,0.04239937644087553,-0.027745173274020075
Christine Aschenberg-Dugnus,FDP,-0.3579871666443536,0.0427367315896996,-0.028948208215547607
Christoph de Vries,CDU/CSU,0.983904582235875,0.029535185800566983,0.05535040280606725
Christoph Hoffmann,FDP,-0.23674774810608942,0.042585813285560985,-0.024928037178327235
Christoph Meyer,FDP,-0.15423586884863547,0.0428028510712273,-0.02940415868135517
Christoph Ploß,CDU/CSU,0.9956505028101351,0.02907091815295287,0.05849130461158194
Christoph Schmid,SPD,-1.427810707272491,0.04275734256160917,-0.0324204265883606
Christos Pantazis,SPD,-0.9808614789446788,0.042739899886079985,-0.028631993177487058
Clara Bünger,DIE LINKE.,1.339049871266083,0.01501151010342581,0.004352004107725784
Claudia Moll,SPD,-0.951096337720819,0.042743616872062754,-0.0303247638777754
Claudia Müller,BÜNDNIS 90/DIE GRÜNEN,-1.4982021964501986,0.042647100172199325,-0.027455734545680305
Claudia Raffelhüschen,FDP,-0.6348857114506807,0.04269443945254968,-0.03081110804563819
Claudia Roth,BÜNDNIS 90/DIE GRÜNEN,-1.4245271591320277,0.041585928888085134,-0.028504020320770932
Claudia Tausend,SPD,-1.214689361679826,0.043076259999722914,-0.035110157925866456
Corinna Miazga,AfD,1.435170286068653,0.016488798161367783,4.114719237825791e-4
Corinna Rüffer,BÜNDNIS 90/DIE GRÜNEN,0.2405238174899777,0.04089162421825516,-0.029982794899417464
Cornelia Möhring,DIE LINKE.,1.3141354618877332,0.016308416232181447,0.004484425967295592
Dagmar Andres,SPD,-0.8330228188904266,0.04198247348878839,-0.027093595155267134
Dagmar Schmidt,SPD,-0.7996756109302061,0.04312554454307948,-0.03286800315083687
Daniel Baldy,SPD,-0.7584202312792654,0.043309556232600445,-0.032609195851901765
Daniel Föst,FDP,-0.6652212287107321,0.04313341043962224,-0.02723587775613648
Daniel Rinkert,SPD,-0.966651498268225,0.04305645199979455,-0.024697316715472158
Daniel Schneider,SPD,-1.3155661508753846,0.04363502786019538,-0.03131434751877591
Daniela De Ridder,SPD,-0.688630188260936,0.04206302926856974,-0.02029506817778229
Daniela Kluckert,FDP,-0.25681536481383843,0.043539600797997,-0.022645641254900723
Daniela Ludwig,CDU/CSU,0.9778013398453751,0.029037336605263732,0.05326792848616277
Deborah Düring,BÜNDNIS 90/DIE GRÜNEN,0.12593714778564177,0.042831066778163736,-0.035424518097209
Denise Loop,BÜNDNIS 90/DIE GRÜNEN,-1.4376761802207996,0.042673303811303284,-0.028543466215598206
Dennis Rohde,SPD,-1.2620567534755898,0.04297013776410782,-0.03180142223653701
Derya Türk-Nachbaur,SPD,-0.4936483557550977,0.04309941099658646,-0.03095875418873247
Detlef Müller,SPD,-1.22382095721723,0.04321126439400259,-0.03569356288242223
Detlef Seif,CDU/CSU,0.9566102469212379,0.029169497710506365,0.0556904746917544
Diana Stöcker,CDU/CSU,0.9098249058571541,0.030090016004984524,0.04237247874660838
Dieter Janecek,BÜNDNIS 90/DIE GRÜNEN,-0.8958264957346358,0.04307327858828789,-0.03436433727844929
Dieter Stier,CDU/CSU,0.9518476254581006,0.028473136445980454,0.0540032214906912
Dietmar Bartsch,DIE LINKE.,1.3329698604713958,0.013040667627236657,0.006013733828304261
Dietmar Friedhoff,AfD,1.4072964884689745,0.013462272131722915,0.02596190481480435
Dietmar Nietan,SPD,-0.6697240159170496,0.04325754956189719,-0.027142877509774923
Dietrich Monstadt,CDU/CSU,0.9820004851746834,0.029031602236812788,0.05662673275495559
Dirk Brandes,AfD,1.4645155480011334,0.010934648145709438,0.03342596794864839
Dirk Heidenblut,SPD,-0.9229536175542081,0.04257832946070668,-0.030368914319898254
Dirk Spaniel,AfD,1.5095017201171204,0.010499306922157867,0.032244311270042195
Dirk Vöpel,SPD,-0.5942886510427429,0.042998334268929815,-0.035004799801304796
Dirk Wiese,SPD,-1.2251480935444743,0.04325171893228052,-0.0347846369578224
Dirk-Ulrich Mende,SPD,-0.21362228572133687,0.04140078030118836,-0.019008985372011424
Dorothee Bär,CDU/CSU,0.9495160456946223,0.028750785014306217,0.05192753276135894
Dorothee Martin,SPD,-1.3391888868513648,0.04283372766699404,-0.03275057150987784
Dunja Kreiser,SPD,-0.9781832073208404,0.04343212236941916,-0.031911591488697745
Edgar Franke,SPD,-0.8075245433643803,0.04304193070180068,-0.031977055173377185
Edgar Naujok,AfD,1.851741074269254,0.007822023811702853,0.022655489080144642
Ekin Deligöz,BÜNDNIS 90/DIE GRÜNEN,-0.884517793157136,0.04233793672185225,-0.023369051465312308
Elisabeth Kaiser,SPD,-0.7237726356977676,0.04311819344747638,-0.03500519979002117
Elisabeth Winkelmeier-Becker,CDU/CSU,0.9952916780971177,0.027771342117402675,0.05138337214236631
Emilia Fester,BÜNDNIS 90/DIE GRÜNEN,-0.03699646032394114,0.04274052213101613,-0.03317304547604104
Emily Vontz,SPD,-0.1623441009513287,0.041566850451604236,-0.020582584297010608
Emmi Zeulner,CDU/CSU,0.8979807921621233,0.029779130860189112,0.05260010237600348
Enak Ferlemann,CDU/CSU,0.9726978634375953,0.029643538543418828,0.052523773666065164
Enrico Komning,AfD,1.471861059465796,0.011388042411147638,0.030277497760933976
Erhard Grundl,BÜNDNIS 90/DIE GRÜNEN,0.32780619530305455,0.0417528581365349,-0.03131472726429604
Erich Irlstorfer,CDU/CSU,0.9117043025951648,0.03084201025147517,0.03362843514181092
Erik von Malottki,SPD,0.3931023343902567,0.03972134037219308,-0.02611640030381143
Erwin Rüddel,CDU/CSU,0.9482404556076229,0.02905559661643497,0.055700849308712365
Esra Limbacher,SPD,-0.6240992884869794,0.04235467691673776,-0.03273229352814599
Esther Dilcher,SPD,-0.4255188194929176,0.04295130816157028,-0.034079744486438475
Eugen Schmidt,AfD,1.5255806308811288,0.010897574883899612,0.030208675728983374
Fabian Funke,SPD,-0.37799098393074915,0.04289308038321817,-0.03466662813594292
Fabian Gramling,CDU/CSU,0.9310155186959469,0.030110764130807998,0.05237620015619221
Fabian Griewel,FDP,-0.061785865915233606,0.0382077293594745,-8.162963318913046e-4
Fabian Jacobi,AfD,1.4753307337286865,0.009793831681681681,0.03476801454853657
Falko Droßmann,SPD,-1.2087956627380432,0.04344065887039553,-0.03285020988035791
Falko Mohrs,SPD,-0.919435021593349,0.03824349840257197,-0.010737552827946547
Felix Banaszak,BÜNDNIS 90/DIE GRÜNEN,-1.4728767092630322,0.0423682278421636,-0.03185481277207739
Felix Döring,SPD,-1.6360907298288565,0.043328618608875505,-0.034545617410045935
Felix Schreiner,CDU/CSU,0.9399583800274814,0.029038087980064527,0.05486447889153815
Filiz Polat,BÜNDNIS 90/DIE GRÜNEN,0.055043881897733966,0.04217291452719259,-0.0317111910067002
Florian Hahn,CDU/CSU,0.9410592711160434,0.030871620224069023,0.051599329372423175
Florian Müller,CDU/CSU,0.9622013904773958,0.0291753277404011,0.05195195697801335
Florian Oßner,CDU/CSU,0.9800852028884811,0.02964058121669335,0.05677595077340102
Florian Toncar,FDP,-0.0750431778728197,0.04283026039336783,-0.027576140400908767
Frank Bsirske,BÜNDNIS 90/DIE GRÜNEN,0.11967602676052322,0.04243684618311159,-0.0277244148573839
Frank Junge,SPD,-1.3222254151365924,0.042801954403228495,-0.03270030740084931
Frank Müller-Rosentritt,FDP,-0.12331571905311961,0.04219157175997999,-0.0280836677601071
Frank Rinck,AfD,1.4782803082111902,0.010009015926538325,0.03178088085615885
Frank Schäffler,FDP,0.1011907152199155,0.04221123538826765,-0.028604397938418815
Frank Schwabe,SPD,-1.1092572853989475,0.04302068304209559,-0.027249277503169276
Frank Ullrich,SPD,-1.2082179277674012,0.04259166528522795,-0.03082107571540077
Franziska Brantner,BÜNDNIS 90/DIE GRÜNEN,-1.1791917621278103,0.04319866143984676,-0.030982923924431638
Franziska Hoppermann,CDU/CSU,0.9642347925555093,0.028624004871168514,0.056971062238122275
Franziska Kersten,SPD,-1.1826397994591173,0.043157193492956,-0.0339144829863358
Franziska Krumwiede-Steiner,BÜNDNIS 90/DIE GRÜNEN,-0.9039723981808496,0.04229392805222421,-0.007068236979226281
Franziska Mascheck,SPD,-1.1516040255171032,0.04314437180591385,-0.033777500966587354
Frauke Heiligenstadt,SPD,-1.4955129722486022,0.04317242108221069,-0.03334235638032666
Friedhelm Boginski,FDP,-0.25248643395587844,0.042764704682140164,-0.031007011846788522
Friedrich Merz,CDU/CSU,0.9731109738726944,0.02800464204209994,0.056097516376665234
Fritz Güntzler,CDU/CSU,0.9511607202323764,0.029304165724094732,0.05291755719886042
Gabriela Heinrich,SPD,-1.2066697828523991,0.042768099272676566,-0.03211317662859403
Gabriele Katzmarek,SPD,-1.5479414844242798,0.04169791377576374,-0.02582287713244598
Georg Kippels,CDU/CSU,0.9407742950717742,0.02906152911032611,0.05523504162581783
Gerald Ullrich,FDP,0.1924761215996025,0.042039291894643664,-0.0258475664148029
Gereon Bollmann,AfD,1.5367368101286119,0.011086381520827462,0.031540339615089244
Gero Hocker,FDP,-0.0871110302269439,0.04254840432075334,-0.03025565969017108
Gero Storjohann,CDU/CSU,0.8446067866727439,0.030267783343652422,0.004374515522619218
Gerold Otten,AfD,1.4529520530763655,0.011085039998896198,0.028398855644528
Gerrit Huy,AfD,1.5710251901734824,0.010207560847797,0.03435984992726531
Gesine Lötzsch,DIE LINKE.,1.3417174470136923,0.013346407821319392,0.005555846958264645
Gitta Connemann,CDU/CSU,0.9329430218643923,0.029331199227068644,0.05132983951811697
Gökay Akbulut,DIE LINKE.,1.2945945503649052,0.015133478605547541,0.007175779915725793
Gottfried Curio,AfD,1.500079110971147,0.01024918549795702,0.031525959573091136
Götz Frömming,AfD,1.4946637831405523,0.01043971594433439,0.03498594036594646
Gregor Gysi,DIE LINKE.,1.337854715813828,0.01412995327331273,0.0035828498939637905
Gülistan Yüksel,SPD,-0.79126854343566555,0.04199018751055953,-0.028762199931328572
Günter Krings,CDU/CSU,0.9405630154563331,0.03013128798575361,0.05037507465270501
Gunther Krichbaum,CDU/CSU,0.9810732107960606,0.030195384698951444,0.05297213937966614
Gyde Jensen-Bornhöft,FDP,-0.1746816214505276,0.04249152215661637,-0.026772859564501976
Hagen Reinhold,FDP,-0.2500518776471698,0.04160871964515187,-0.01423319575833306
Hakan Demir,SPD,-0.3800587275280575,0.042858495262273116,-0.03446860598558588
Hanna Steinmüller,BÜNDNIS 90/DIE GRÜNEN,-0.932712096614763,0.043214571470682514,-0.03533801020894857
Hannes Gnauck,AfD,1.473105579953851,0.010640616844054188,0.034681948056925545
Hannes Walter,SPD,-0.9561930347259766,0.04273924286441818,-0.033728868024393954
Hans-Jürgen Thies,CDU/CSU,0.9696580419508541,0.028017715461494144,0.05434824665464359
Hans-Peter Friedrich,CDU/CSU,1.0227584613432354,0.030588370836634363,0.039165590012062455
Hansjörg Durz,CDU/CSU,0.9882143194951067,0.0289706789570823,0.05785190472678431
Harald Ebner,BÜNDNIS 90/DIE GRÜNEN,-2.1635142913214818,0.04318804023377359,-0.030166416059974426
Harald Weyel,AfD,1.5254638114689902,0.010224715761907848,0.027381742612891186
Heidi Reichinnek,DIE LINKE.,1.3336193494572486,0.01225910204868164,0.004266784570084298
Heike Baehrens,SPD,-1.132154231783459,0.04312500053780198,-0.033925052920859095
Heike Brehmer,CDU/CSU,0.9595186373670959,0.02945181519741312,0.03657080608830932
Heike Engelhardt,SPD,-1.4516482384756721,0.04339577385727909,-0.03304429792592636
Heike Heubach,SPD,-0.7584222518146999,0.04192460628657753,-0.007175255636105422
Heiko Maas,SPD,-0.07745025405862657,0.04195587357573814,-0.005623079229089562
Helge Braun,CDU/CSU,0.9593345364471306,0.02943500201684038,0.052325425052920975
Helge Limburg,BÜNDNIS 90/DIE GRÜNEN,-2.7278568369948044e-4,0.04285880534155434,-0.03219636582135046
Helge Lindh,SPD,-1.5466997744492688,0.043181862713657614,-0.03536817865969751
Helmut Kleebank,SPD,-1.584958599438399,0.04307639151174145,-0.03160585894290294
Hendrik Hoppenstedt,CDU/CSU,0.9726249106607501,0.03054398996854844,0.046336301378503655
Henning Otte,CDU/CSU,0.9667286227266346,0.030228775199698688,0.05072893339583237
Henning Rehbaum,CDU/CSU,0.9157402573987465,0.029436846501795816,0.052558583142630566
Herbert Wollmann,SPD,-0.607075777052402,0.04286528764916554,-0.03449185542170747
Hermann Färber,CDU/CSU,0.9268423575006736,0.028899884162209306,0.051514340019229166
Hermann Gröhe,CDU/CSU,0.9327504268958897,0.02953861313975283,0.05571429850182879
Hermann-Josef Tebroke,CDU/CSU,0.9481612748571495,0.029231571200469583,0.056556012414388186
Holger Becker,SPD,-1.2461491854125277,0.04356413864706349,-0.03284634385236339
Holger Mann,SPD,-0.10499263725167493,0.0425330625591538,-0.03150450904507167
Hubert Hüppe,CDU/CSU,0.9248253143068721,0.029096718335480293,0.05342183328546129
Hubertus Heil,SPD,-0.8281243587245449,0.04298686454800148,-0.02887255196673224
Ina Latendorf,DIE LINKE.,1.3334729990862126,0.013675449194033174,0.005150191784564218
Inge Gräßle,CDU/CSU,0.9771859642584061,0.028561937735724158,0.04974176637474659
Ingmar Jung,CDU/CSU,0.9447863190782717,0.028819951927561704,0.03450319002115472
Ingo Bodtke,FDP,-0.0593070386816486,0.042312318224651195,-0.02863136930711128
Ingo Gädechens,CDU/CSU,0.9603385996175855,0.03004782375632013,0.05417827078959233
Ingo Schäfer,SPD,-0.6418084028282008,0.0431547788958568,-0.03163945881384143
Ingo Wellenreuther,CDU/CSU,0.08863449814597436,0.0480115005633042,0.002318210922435151
Ingrid Nestle,BÜNDNIS 90/DIE GRÜNEN,-1.0836446181985002,0.0431755481432203,-0.03138182554436047
Ingrid Pahlmann,CDU/CSU,0.9353394922810407,0.03431890460473047,0.017237873098775447
Irene Mihalic,BÜNDNIS 90/DIE GRÜNEN,-1.383415806747532,0.043084480202110045,-0.03529087710432946
Isabel Cademartori,SPD,-1.0680970967927372,0.04337295087051789,-0.03342280117120548
Isabel Mackensen-Geis,SPD,-1.1267451590037827,0.04285901914291441,-0.03370269585437035
Jakob Blankenburg,SPD,-1.2894968144886063,0.04325655162697812,-0.03560762471324402
Jamila Anna Schäfer,BÜNDNIS 90/DIE GRÜNEN,-1.2782979429082828,0.04321871411655691,-0.030656452871505684
Jan Dieren,SPD,0.5791071166526102,0.03397609985456761,-0.03473288958521463
Jan Korte,DIE LINKE.,1.3342407884053702,0.011898725021340848,1.4126414312231974e-4
Jan Metzler,CDU/CSU,0.9316495025883303,0.029117407671930755,0.058015087153437055
Jan Plobner,SPD,-1.2143029076462954,0.043184253702711194,-0.03432553818771476
Jan Ralf Nolte,AfD,1.4682829989139148,0.01190744958397728,0.034765222298183025
Jan Wenzel Schmidt,AfD,1.4628974584644465,0.009587792712816382,0.027008285168051337
Jan-Marco Luczak,CDU/CSU,0.9410816203578559,0.031611167739843044,0.044001546090601286
Jan-Niclas Gesenhues,BÜNDNIS 90/DIE GRÜNEN,-1.464493855298952,0.04270757982291242,-0.033017242446040235
Jana Schimke,CDU/CSU,0.9407812817563486,0.029640989594392007,0.03873471156519219
Janine Wissler,DIE LINKE.,1.3288742818062156,0.013621667056032636,0.005131831512958644
Janosch Dahmen,BÜNDNIS 90/DIE GRÜNEN,-0.7648354313748695,0.04267857137523673,-0.03187828797131717
Jasmina Hostert,SPD,-1.4360614806065797,0.0430477757392166,-0.03439799582346914
Jens Beeck,FDP,0.1252207535940316,0.04228639533541467,-0.028853209729169285
Jens Brandenburg,FDP,-0.32974788805616373,0.04293516794608004,-0.0303821257242946
Jens Koeppen,CDU/CSU,1.3405694104805033,0.019434573397084324,0.026377378473898656
Jens Lehmann,CDU/CSU,0.9394418733979117,0.02984236651438855,0.054719817377978486
Jens Peick,SPD,-1.5825275312199814,0.0432241572589661,-0.035690111898739524
Jens Spahn,CDU/CSU,0.9316600920042972,0.028070893465797938,0.0497467175986819
Jens Teutrine,FDP,-0.22153440188525303,0.0429208066744703,-0.027709439259080277
Jens Zimmermann,SPD,-1.1332759858155843,0.04295085632715492,-0.03398025031287606
Jessica Rosenthal,SPD,0.12885750401493895,0.040900297038072714,-0.025504543372555578
Jessica Tatti,DIE LINKE.,1.3801476537159905,0.009875069257171062,0.009395048582020933
Joachim Wundrak,AfD,1.40562811602884,0.014027536919783702,0.03436448598160077
Joana Cotar,fraktionslos,1.4133262468453136,0.015356270714240285,0.018861663928430215
Jochen Haug,AfD,1.4554708724522074,0.010128823313883015,0.025894288267397106
Joe Weingarten,SPD,0.09989588889628703,0.04213930066025725,-0.023777819731120614
Johann Saathoff,SPD,-1.8834255759468992,0.043409519348734785,-0.030854222196618826
Johann Wadephul,CDU/CSU,0.9814057748719486,0.029043137594867343,0.04916134940619522
Johannes Arlt,SPD,-0.285015711734616,0.04263689304271783,-0.02945671142864671
Johannes F. Kretschmann,BÜNDNIS 90/DIE GRÜNEN,-0.7074166172835379,0.03595458348980966,-0.0020396279573502755
Johannes Fechner,SPD,-1.232098654293194,0.04275273917809128,-0.03444923629590249
Johannes Huber,fraktionslos,1.415252069809901,0.01428252452460194,0.03731050109980616
Johannes Schätzl,SPD,-1.046202068944581,0.04247222792140322,-0.02846737621042415
Johannes Schraps,SPD,-0.6958293576549371,0.043507714906736716,-0.03315090945361946
Johannes Steiniger,CDU/CSU,0.9502750258154322,0.02994292492306348,0.05590316939307819
Johannes Vogel,FDP,-0.22677773672103382,0.04259172897116513,-0.023575247561556836
Johannes Wagner,BÜNDNIS 90/DIE GRÜNEN,-0.7844453283266981,0.04305340344108581,-0.03365259624216818
Jonas Geissler,CDU/CSU,0.8909510325724829,0.030790018332801327,0.05069715270474312
Jörg Cezanne,DIE LINKE.,1.3360425474034596,0.017898339459516098,-0.0034287985429319497
Jörg Nürnberger,SPD,-0.9216482526578357,0.04321145444096534,-0.03430801422087367
Jörg Schneider,AfD,1.4667371832147569,0.010687410869435775,0.027820754228009434
Jörn König,AfD,1.4478918305468509,0.011230636924309352,0.032783305275099525
Josef Oster,CDU/CSU,0.9325480191144011,0.030074895436991215,0.05131724393910848
Josef Rief,CDU/CSU,0.9522860033845857,0.02967345280251441,0.05481490650529329
Josephine Ortleb,SPD,-1.5083001539692906,0.04286907933490638,-0.024544263481879134
Josip Juratovic,SPD,-0.872434979790347,0.042250466749375784,-0.02872866529093517
Judith Skudelny,FDP,-0.10063445965368832,0.042400219116129415,-0.027664139043352808
Julia Klöckner,CDU/CSU,0.9554636031163514,0.029832313033843132,0.05159439892109307
Julia Verlinden,BÜNDNIS 90/DIE GRÜNEN,-0.22498498514395085,0.04276907005787408,-0.03406617653986903
Julian Pahlke,BÜNDNIS 90/DIE GRÜNEN,-0.03299449618009079,0.04184671149823169,-0.030819767548914814
Julian Simon Grünke,FDP,0.11902075665867488,0.0382077293594745,-8.162963318913046e-4
Jürgen Berghahn,SPD,-0.43724641707562756,0.042676513445146134,-0.029010044526883653
Jürgen Braun,AfD,1.4483271789430125,0.010944144570070017,0.03521281032666451
Jürgen Coße,SPD,-0.7178743600012715,0.043336978396815995,-0.031286178556835034
Jürgen Hardt,CDU/CSU,0.9319993549733516,0.030970223621195926,0.05174499579053
Jürgen Kretz,BÜNDNIS 90/DIE GRÜNEN,-0.5676763783808757,0.042339917763140965,-0.008411939633712045
Jürgen Lenders,FDP,-0.3299270737074467,0.04287092017587207,-0.029810951133703887
Jürgen Pohl,AfD,1.7512005681273728,0.012596022387571083,0.02234834126980612
Jürgen Trittin,BÜNDNIS 90/DIE GRÜNEN,0.0013819541797021268,0.04073849657372703,-0.021802628324215177
Kai Gehring,BÜNDNIS 90/DIE GRÜNEN,-1.0397954265264955,0.043101296829775676,-0.03515854160586974
Kai Whittaker,CDU/CSU,0.9574138956897816,0.030214141078563767,0.050558684605288166
Karamba Diaby,SPD,-0.9432325552193644,0.04322982559764056,-0.0351002815306357
Karl Bär,BÜNDNIS 90/DIE GRÜNEN,0.05334081134680297,0.042254520690271226,-0.03376343806022484
Karl Lauterbach,SPD,-1.5001142162084116,0.04380841437215143,-0.02682781306977275
Karlheinz Busen,FDP,-0.28996841934266715,0.04278976804437344,-0.02488862936191798
Karoline Otte,BÜNDNIS 90/DIE GRÜNEN,-0.15653235291413786,0.042428156996006466,-0.0315771674353061
Karsten Hilse,AfD,1.7158374757445483,0.007983416211087406,0.03208876615669243
Karsten Klein,FDP,-0.15360673507182993,0.042513501018948,-0.030946482807119622
Kassem Taher Saleh,BÜNDNIS 90/DIE GRÜNEN,-0.758878878061062,0.043215105582736134,-0.034507172528591444
Katharina Beck,BÜNDNIS 90/DIE GRÜNEN,-0.608322889562031,0.04304898162197117,-0.03276273136236858
Katharina Dröge,BÜNDNIS 90/DIE GRÜNEN,-1.174019471068469,0.04322386212033553,-0.03506375354027507
Katharina Willkomm,FDP,-0.4195453138159999,0.04152848853144646,-0.012145330271209762
Kathrin Henneberger,BÜNDNIS 90/DIE GRÜNEN,0.3565001533453548,0.04064278135039393,-0.02930424716974792
Kathrin Michel,SPD,-0.8912714836794889,0.04294960667791379,-0.03344202602007278
Kathrin Vogler,DIE LINKE.,1.3220085726106692,0.013459760860167416,5.798138305762018e-4
Katja Adler,FDP,0.1928397036697695,0.041478880892565705,-0.025218175759717045
Katja Hessel,FDP,-0.4011229436361019,0.04263597439261425,-0.027759617139940084
Katja Keul,BÜNDNIS 90/DIE GRÜNEN,-0.6709949742160202,0.04288564255202374,-0.0325316020041196
Katja Kipping,DIE LINKE.,-0.14963852797751198,0.004927430862110724,4.504174245379516e-4
Katja Leikert,CDU/CSU,0.9349656301446726,0.02964930607250934,0.052010526722406324
Katja Mast,SPD,-0.6456985743444443,0.04262112134161629,-0.030979036417063628
Katrin Budde,SPD,-1.5926270019468713,0.04283132242424828,-0.033534321031991346
Katrin Göring-Eckardt,BÜNDNIS 90/DIE GRÜNEN,-0.8249433092552916,0.04305338730905695,-0.03147865324501067
Katrin Helling-Plahr,FDP,-0.699674263943435,0.043141063412569666,-0.030828641598517482
Katrin Staffler,CDU/CSU,0.9300978992767945,0.030117564303982308,0.04331133521231347
Katrin Uhlig,BÜNDNIS 90/DIE GRÜNEN,-1.060896303035157,0.04323286527342545,-0.034314834269253296
Katrin Zschau,SPD,-0.8973933183336433,0.043006499182450676,-0.03510622872637042
Kaweh Mansoori,SPD,-1.1744593182019738,0.04245782459121313,-0.024754508928249284
Kay Gottschalk,AfD,1.5104949147409916,0.009799457277715347,0.031006125737071295
Kay-Uwe Ziegler,AfD,1.5548436294126218,0.008404423114214726,0.028339552808738736
Kerstin Griese,SPD,-1.0114897658565418,0.04281339403699072,-0.029805349006602432
Kerstin Radomski,CDU/CSU,0.9699519971821083,0.02823300592128742,0.051462915012165586
Kerstin Vieregge,CDU/CSU,0.8884303464667587,0.030362172859861918,0.05037721102529545
Kevin Kühnert,SPD,-1.2856541706507378,0.04310871832160189,-0.03410409512204928
Kevin Leiser,SPD,-0.8326624229993607,0.043180459193524104,-0.034056470268483005
Kirsten Kappert-Gonther,BÜNDNIS 90/DIE GRÜNEN,-0.7459110792437121,0.04314854495359333,-0.032890264392072245
Klaus Ernst,DIE LINKE.,1.379238099476794,0.012012017462042548,0.008780113436762951
Klaus Mack,CDU/CSU,0.9593954063164982,0.029450804987066752,0.05587578290313433
Klaus Stöber,AfD,1.4949891209030541,0.012368881352365128,0.02578795460578388
Klaus Wiener,CDU/CSU,0.9303385591448086,0.02869932627880554,0.055671086741463836
Klaus-Peter Willsch,CDU/CSU,0.9691103376065177,0.02966860061161276,0.04549235853216488
Knut Abraham,CDU/CSU,0.9587637575898125,0.029332550332813383,0.0582357894760521
Knut Gerschau,FDP,-0.09458214074917626,0.042617004831397416,-0.030466775455662082
Konrad Stockmeier,FDP,-0.1728694585104941,0.04287506185593955,-0.030337568481855284
Konstantin Kuhle,FDP,-0.5066746049895829,0.04293356570637167,-0.030433952759226567
Konstantin von Notz,BÜNDNIS 90/DIE GRÜNEN,-0.6445734925129563,0.04311373026808282,-0.03307278617717594
Kordula Schulz-Asche,BÜNDNIS 90/DIE GRÜNEN,-1.1159332660393937,0.043410828863751395,-0.03339347287730762
Kristian Klinck,SPD,-0.7130689900396341,0.04266997577459637,-0.03231273463104219
Kristine Lütke,FDP,-0.3961116805178599,0.042873938075879955,-0.03139891408136451
Lamya Kaddor,BÜNDNIS 90/DIE GRÜNEN,-0.579830059289829,0.043217184269753524,-0.03112278168295318
Lars Castellucci,SPD,-0.820568833831412,0.042905068725071,-0.03000544219190485
Lars Klingbeil,SPD,-1.1769996779117715,0.042942602154738864,-0.030603897240799875
Lars Lindemann,FDP,-0.1865597783907562,0.04164238198720971,-0.023517563966515637
Lars Rohwer,CDU/CSU,1.0177019992316458,0.02856601203613723,0.05722867177013292
Laura Kraft,BÜNDNIS 90/DIE GRÜNEN,-0.9426124992525907,0.04328903130126823,-0.032440012535958
Leif-Erik Holm,AfD,1.4293450760470134,0.011712881672157772,0.03199606324068747
Lena Werner,SPD,-0.9908307324576262,0.042919147451269776,-0.02765162966717558
Leni Breymaier,SPD,-1.0750355902873667,0.043122409341096554,-0.03544109967046465
Lennard Oehl,SPD,-0.9368212052534811,0.04313704287011953,-0.031055004290327565
Leon Eckert,BÜNDNIS 90/DIE GRÜNEN,-1.1101333594687235,0.043219049187302475,-0.034306197106077886
Lina Seitzl,SPD,-0.5708431455473025,0.04263878310546388,-0.027834870386755427
Linda Heitmann,BÜNDNIS 90/DIE GRÜNEN,-1.5587171806851223,0.043138492817083735,-0.03513640460061754
Linda Teuteberg,FDP,0.250420322916341,0.04100221369984017,-0.02374653703321025
Lisa Badum,BÜNDNIS 90/DIE GRÜNEN,-0.08596966172280412,0.042908506007531794,-0.030123139704257566
Lisa Paus,BÜNDNIS 90/DIE GRÜNEN,-1.7700669349145115,0.043239392124714886,-0.02847326776689501
Lucia Schanbacher,SPD,-0.4909514090387939,0.03595458348980966,-0.0020396279573502707
Luise Amtsberg,BÜNDNIS 90/DIE GRÜNEN,-0.6765427746546111,0.04375208712158593,-0.024469279203248658
Luiza Licina-Bode,SPD,-1.0250953403044785,0.043251901354250985,-0.03143612430200111
Lukas Benner,BÜNDNIS 90/DIE GRÜNEN,-1.4083291510672644,0.04327752442617194,-0.034364373721170384
Lukas Köhler,FDP,-0.3769522574113237,0.04258122991210521,-0.02844278060819188
Macit Karaahmetoğlu,SPD,-0.9874646496527774,0.04310817538103812,-0.030721394770942233
Mahmut Özdemir,SPD,-0.09171782654688745,0.042471234977805125,-0.03522369913732902
Maik Außendorf,BÜNDNIS 90/DIE GRÜNEN,-0.5098081152542558,0.043126855460195665,-0.035397354851850624
Maja Wallstein,SPD,0.31596369556854004,0.041583569590518094,-0.031143619547673432
Malte Kaufmann,AfD,1.5144373178064479,0.010459881399458908,0.026063486242364313
Manfred Grund,CDU/CSU,0.9979657785503453,0.030871627025937647,0.038108474494797845
Manfred Schiller,AfD,1.5328567176990406,0.020979767561435082,0.004200554769656587
Manfred Todtenhausen,FDP,-0.5191095910315107,0.042803568631100034,-0.029328581041361504
Manuel Gava,SPD,-1.0489016255937795,0.04301830754864886,-0.019904805495790934
Manuel Höferlin,FDP,-0.27821213912308057,0.042930958379955836,-0.0295279215557268
Manuela Rottmann,BÜNDNIS 90/DIE GRÜNEN,-1.0024761090640166,0.04316506917441769,-0.03212173992005586
Marc Bernhard,AfD,1.5288084590323596,0.009423637375248215,0.03219473011103212
Marc Biadacz,CDU/CSU,0.9494697306651241,0.029009154636725716,0.056759741083255204
Marc Henrichmann,CDU/CSU,0.9623203982226107,0.0295077755647765,0.056691149497230316
Marc Jongen,AfD,1.469883122171901,0.011220620012141807,0.0196528454083324
Marcel Emmerich,BÜNDNIS 90/DIE GRÜNEN,-1.446469105560647,0.043071016445688386,-0.03523086097943661
Marco Buschmann,FDP,-0.2068249662293012,0.0423693494641807,-0.02621184832633465
Marco Wanderwitz,CDU/CSU,1.0516672129446616,0.02802330942450949,0.046040951744346914
Marcus Bühl,AfD,1.7000562094013982,0.007442132207097446,0.03491994049800819
Marcus Faber,FDP,-0.11014760690605924,0.043150513592027866,-0.0241761084476091
Mareike Lotte Wulf,CDU/CSU,0.9579062699103364,0.028955461330173744,0.05710417623777717
Maria Klein-Schmeink,BÜNDNIS 90/DIE GRÜNEN,-1.1980445881797104,0.04345745221390019,-0.030308394319110633
Maria-Lena Weiss,CDU/CSU,0.9676643415050945,0.028998216213631932,0.051772827805530136
Mariana Harder-Kühnel,AfD,1.4849690904962647,0.0124071905871224,0.018758406136516016
Marianne Schieder,SPD,-1.4525896807919556,0.043165474448855594,-0.03311105026355318
Marie-Agnes Strack-Zimmermann,FDP,-0.4463274402931529,0.04242372807197308,-0.02360283936684985
Mario Brandenburg,FDP,-0.4115865775354785,0.042724069821801124,-0.03021563058464353
Mario Czaja,CDU/CSU,0.9675418531798623,0.028445193865155895,0.05088561671463323
Marja-Liisa Völlers,SPD,-1.6525289591060475,0.04320415138774497,-0.03565385494217457
Mark Helfrich,CDU/CSU,0.9448572154329938,0.02950489933760566,0.05202679095259797
Markus Frohnmaier,AfD,1.4972169570305447,0.011367189319769731,0.028146400089460625
Markus Grübel,CDU/CSU,0.9746540985309802,0.029992195218963808,0.05078370605538522
Markus Herbrand,FDP,-0.19573168678736844,0.042750994155953057,-0.030156623220798692
Markus Hümpfer,SPD,-0.9752263831027745,0.043266539970321684,-0.03566691484286695
Markus Koob,CDU/CSU,0.979714539597339,0.029455085285685478,0.05214050548079826
Markus Kurth,BÜNDNIS 90/DIE GRÜNEN,-0.7895945565046438,0.04295339345151815,-0.028508507669788002
Markus Reichel,CDU/CSU,0.9644063328088135,0.028950794839035978,0.05842995185123224
Markus Töns,SPD,-1.0480573858428082,0.043296838835376585,-0.034063275345940676
Markus Uhl,CDU/CSU,0.9689503379868137,0.029797166866946116,0.05673821881391942
Marlene Schönberger,BÜNDNIS 90/DIE GRÜNEN,-0.7023494211345879,0.04258014326955631,-0.03433119879161673
Marlon Bröhr,CDU/CSU,0.9302100649214595,0.030016806908301094,0.05421357142433638
Martin Diedenhofen,SPD,-1.1815815247664372,0.04297471777546373,-0.0299082338774522
Martin Erwin Renner,AfD,1.5026788885165607,0.012673281010588663,0.022446820849785956
Martin Gassner-Herz,FDP,-0.25587928897280876,0.04264463075359569,-0.029854210636507728
Martin Gerster,SPD,-0.6933104733972353,0.043064678801984155,-0.03323624692461452
Martin Hess,AfD,1.4855969791281596,0.012032531278288187,0.02689304319198384
Martin Kröber,SPD,-0.644802342161952,0.04274693620046391,-0.035568642776245926
Martin Plum,CDU/CSU,0.9594351119484632,0.029179442727851824,0.05726497424214452
Martin Rabanus,SPD,-0.7990841107788329,0.0432728692028386,-0.0094701889685230509
Martin Reichardt,AfD,1.5248787335949239,0.012471753199647488,0.026730352514426695
Martin Rosemann,SPD,-1.023440532732518,0.0433092120941415,-0.03270462219368659
Martin Sichert,AfD,1.5612261436402675,0.008874989834767429,0.030577319894772716
Martina Englhardt-Kopf,CDU/CSU,0.9519466563619889,0.029043496825717257,0.05644620180442192
Martina Renner,DIE LINKE.,1.3222200883689794,0.015521213265212937,0.00468820388960344
Martina Stamm-Fibich,SPD,-1.0282535492225466,0.04327112785595696,-0.03380898744088058
Mathias Middelberg,CDU/CSU,0.9663383706390075,0.029838975386633996,0.0513884754850946
Mathias Papendieck,SPD,-0.942489269152213,0.04354572136214333,-0.03209411463471387
Mathias Stein,SPD,-1.9275852151927653,0.04312154725642794,-0.03532610039887394
Matthias Gastel,BÜNDNIS 90/DIE GRÜNEN,-0.5840704559455088,0.043126855460195665,-0.03539735485185062
Matthias Hauer,CDU/CSU,0.9592329074569179,0.029146365842098846,0.058508078444458815
Matthias Helferich,fraktionslos,1.4994995596573153,0.009675860433243413,0.031410582334889546
Matthias Miersch,SPD,-0.8485015173898237,0.043179298153747415,-0.03479416591567516
Matthias Mieves,SPD,-1.2028446114521663,0.0432241572589661,-0.035690111898739524
Matthias Moosdorf,AfD,1.4241661118633748,0.01322652323976218,0.027485815259182374
Matthias Seestern-Pauly,FDP,-0.04294052124012207,0.04274584071970695,-0.026025423312004782
Matthias W. Birkwald,DIE LINKE.,1.3445675956488328,0.012274423126336424,0.0048931157593531316
Max Lucks,BÜNDNIS 90/DIE GRÜNEN,-0.3724672606889889,0.04249216388341305,-0.03154670271339037
Max Mordhorst,FDP,-0.2140275597188703,0.042939056828093965,-0.025961530375373014
Max Straubinger,CDU/CSU,1.0236041351820881,0.02760373518024819,0.052981540296880174
Maximilian Funke-Kaiser,FDP,-0.48733314434336994,0.042912689924574664,-0.030430033666685292
Maximilian Mörseburg,CDU/CSU,0.9667887100367765,0.029784118639461243,0.0565145070830722
Mechthild Heil,CDU/CSU,0.9543716746587061,0.03159881046499861,0.042453810549676924
Mechthilde Wittmann,CDU/CSU,0.9626086505638587,0.02915945750024882,0.05628613665985853
Melanie Bernstein,CDU/CSU,0.9581958173997663,0.031695584829813966,0.03305931358837285
Melanie Wegling,SPD,-0.825335987173923,0.0428221702903861,-0.031038533219885596
Melis Sekmen,BÜNDNIS 90/DIE GRÜNEN,-0.18621770776606278,0.04241486445975826,-0.02414721136710472
Merle Spellerberg,BÜNDNIS 90/DIE GRÜNEN,-0.8381234722179919,0.04308374861439657,-0.03254107199753429
Metin Hakverdi,SPD,-0.6603738475866726,0.04338597964074963,-0.0328642053106199
Michael Brand,CDU/CSU,0.9493952872243675,0.030296405284285538,0.04686754562711646
Michael Breilmann,CDU/CSU,0.9157483817788457,0.029987773827765192,0.05091758341317507
Michael Donth,CDU/CSU,0.9583759077025249,0.0293735225161514,0.056999386705582675
Michael Espendiller,AfD,1.533233832144019,0.009513059360790962,0.03318756853029748
Michael Frieser,CDU/CSU,0.9445014593079399,0.02770057432430832,0.04504501741338284
Michael Gerdes,SPD,-1.3554295241059588,0.04323571247537437,-0.03174023038921268
Michael Grosse-Brömer,CDU/CSU,0.9620859739685007,0.029434096093133095,0.04867821990209394
Michael Hennrich,CDU/CSU,0.92058313807524494,0.026618779342185962,0.02155878497519345
Michael Kaufmann,AfD,1.65165022550269,0.008126961771611511,0.03239764674229481
Michael Kellner,BÜNDNIS 90/DIE GRÜNEN,-0.06576274033231481,0.042248370245700585,-0.031137765159395404
Michael Kießling,CDU/CSU,0.9409941843158991,0.029602787850869304,0.05655841229145179
Michael Kruse,FDP,-0.374236931687082,0.04268513226516666,-0.029808262059448483
Michael Link,FDP,-0.18669018776656499,0.042361564593633314,-0.022700124021152106
Michael Meister,CDU/CSU,0.967863333055041,0.029419467531781235,0.058489576261659265
Michael Müller,SPD,-1.318987034269477,0.0430805426319821,-0.032945100692596804
Michael Roth,SPD,-0.8911374028390809,0.042012508485254715,-0.02856445283169264
Michael Sacher,BÜNDNIS 90/DIE GRÜNEN,-1.9299508292169774,0.04267274064707353,-0.027468981858908476
Michael Schrodi,SPD,-0.9733086845861325,0.04294416578884357,-0.034158137982444894
Michael Theurer,FDP,-0.3568841383228818,0.04247173314650533,-0.020730914554446835
Michael Thews,SPD,-1.4312856568488954,0.043061436410618964,-0.03167253883487344
Michelle Müntefering,SPD,-1.05362005833317,0.042786457845486875,-0.02843576571843283
Mike Moncsek,AfD,1.6600823290758608,0.00920702888035379,0.03193554303081748
Misbah Khan,BÜNDNIS 90/DIE GRÜNEN,-0.8485185248486025,0.04312374793468906,-0.035312421387322275
Monika Grütters,CDU/CSU,0.9431978219124877,0.028890771336435455,0.04802319345700548
Moritz Oppelt,CDU/CSU,0.9672072255151996,0.029669582069966116,0.05020871718694011
Muhanad Al-Halak,FDP,-0.329600401323395,0.042986579063230085,-0.03086229954159052
Nadine Heselhaus,SPD,-0.8552187300158322,0.042835470276074136,-0.03428940881788311
Nadine Ruf,SPD,-0.8477959628586712,0.04306054764775506,-0.009227901962438076
Nadine Schön,CDU/CSU,0.989229574565188,0.030036870556771497,0.05039441421210665
Nadja Sthamer,SPD,0.40994779721593394,0.038731138664814396,-0.02959415808001259
Natalie Pawlik,SPD,-1.0647198159670677,0.04350424477157868,-0.031361558946013765
Nezahat Baradari,SPD,-0.9486559796791558,0.04328892876784955,-0.030354894020747997
Nico Tippelt,FDP,0.16013950137366612,0.04194976301201483,-0.02346877051248787
Nicolas Zippelius,CDU/CSU,0.9313902037318202,0.029767475786764003,0.050469285578756275
Nicole Bauer,FDP,-0.4962398179163227,0.04304719919295792,-0.016833964502257232
Nicole Gohlke,DIE LINKE.,1.3267771323384165,0.014304096099841722,0.006307554895897586
Nicole Höchst,AfD,1.5349566680600881,0.011476966138216735,0.030191232461696672
Nicole Westig,FDP,-0.43481705105917223,0.04275570346715306,-0.029074394098878194
Niels Annen,SPD,-0.8238318461255147,0.04317018109705657,-0.02986643010424324
Niklas Wagener,BÜNDNIS 90/DIE GRÜNEN,-1.0440288255029124,0.04320860784992003,-0.03441240764404551
Nils Gründer,FDP,-0.6441322174924989,0.04228696554680471,-0.023696496362769864
Nils Schmid,SPD,-1.3422282147732003,0.043429468398425645,-0.03385491181233856
Nina Scheer,SPD,-1.1950482732052272,0.042937879906743526,-0.03487704053605197
Nina Stahr,BÜNDNIS 90/DIE GRÜNEN,-1.0129882081736454,0.042825020321697695,-0.028156495781231226
Nina Warken,CDU/CSU,0.9542648727171045,0.0288665540997565,0.05195280957692468
Norbert Kleinwächter,AfD,1.480946932981807,0.012141124416414916,0.03294418312592109
Norbert Maria Altenkamp,CDU/CSU,0.9589042084422098,0.029699862395900088,0.053230472963293515
Norbert Röttgen,CDU/CSU,0.927559053351823,0.03058712221300832,0.05064676279549176
Nyke Slawik,BÜNDNIS 90/DIE GRÜNEN,-0.08614121827673647,0.04266608563808546,-0.028618446304931752
Olaf in der Beek,FDP,-0.4013782733904979,0.04290386426753042,-0.0314110014682471
Olaf Scholz,SPD,-1.9724687218300867,0.04212294115958683,-0.021340852496984652
Olav Gutting,CDU/CSU,1.0190980152895208,0.02737496404534068,0.05326461060504264
Oliver Grundmann,CDU/CSU,0.9348426873102277,0.028114457711488853,0.0513820523443711
Oliver Kaczmarek,SPD,-0.7894111850239278,0.04321145444096534,-0.03430801422087367
Oliver Krischer,BÜNDNIS 90/DIE GRÜNEN,-0.7690880213289393,0.03767383022728253,-0.005405271892328555
Oliver Luksic,FDP,-0.2785105440645748,0.041791705880669675,-0.025500424531472683
Oliver Vogt,CDU/CSU,0.9898399998276611,0.029146365842098846,0.058508078444458815
Omid Nouripour,BÜNDNIS 90/DIE GRÜNEN,-0.6872970601154167,0.042846039669126215,-0.030781523230939252
Ophelia Nick,BÜNDNIS 90/DIE GRÜNEN,-1.4919907246187691,0.042748095968552835,-0.03329215352555033
Ottilie Klein,CDU/CSU,0.9607627973332468,0.029891540487450127,0.056597876793719096
Ottmar von Holtz,BÜNDNIS 90/DIE GRÜNEN,-0.8406035620234064,0.04165680507039436,-0.009422143649918667
Otto Fricke,FDP,-0.7240845853837329,0.042748831264192245,-0.030545750783423958
Parsa Marvi,SPD,-1.0035587708743692,0.04317007841591466,-0.03312724498998106
Pascal Kober,FDP,-0.28149735599381487,0.04272164396049927,-0.026942949360425676
Pascal Meiser,DIE LINKE.,1.3151299506252656,0.01462577530050443,0.010357510386549909
Patricia Lips,CDU/CSU,0.9911460372554104,0.029044185584349607,0.050177037852900376
Patrick Schnieder,CDU/CSU,0.935084609939836,0.028706758304794373,0.05613489100556147
Paul Lehrieder,CDU/CSU,0.9697821112683607,0.029398199666416762,0.05820313316467963
Paul Ziemiak,CDU/CSU,0.9621545616126601,0.029335783101674864,0.04693348797366147
Paula Piechotta,BÜNDNIS 90/DIE GRÜNEN,-0.8506225617203204,0.04304252832232672,-0.03365692956929622
Peggy Schierenbeck,SPD,-0.8615932773806254,0.043188470187200206,-0.028621256254407746
Peter Aumer,CDU/CSU,0.9279586373734773,0.029146365842098846,0.058508078444458815
Peter Beyer,CDU/CSU,0.9348786790171466,0.02977700655933979,0.049275538905325135
Peter Boehringer,AfD,1.5485166085916728,0.009483077536429898,0.03216158480520438
Peter Felser,AfD,1.4647299624883068,0.011799036986235495,0.03416049421758532
Peter Heidt,FDP,-0.460646019411709,0.04287641134054073,-0.02957752584976786
Peter Ramsauer,CDU/CSU,0.9908766936255149,0.027917070713665476,0.03639171198878783
Petr Bystron,AfD,1.80340767253111,0.009041002734383553,0.015882393337617224
Petra Nicolaisen,CDU/CSU,0.9565545707522907,0.029310662784868755,0.05757936886544413
Petra Pau,DIE LINKE.,1.3454150585742217,0.013926397580431356,0.006791491559146128
Petra Sitte,DIE LINKE.,1.3251386077781222,0.013127778580766853,0.004872951981569677
Philip Krämer,BÜNDNIS 90/DIE GRÜNEN,-1.3152654091425302,0.04320045601090442,-0.030397065341099823
Philipp Amthor,CDU/CSU,0.9803139835370226,0.029443336800711338,0.05444501772923799
Philipp Hartewig,FDP,-0.30140297537018607,0.04307222236990244,-0.030509420238759456
Rainer Keller,SPD,-1.1301658861024215,0.037762094931579976,-0.006239326760687876
Rainer Kraft,AfD,1.4306246113347627,0.010773856070030513,0.03974932647178437
Rainer Rothfuß,AfD,1.6136208936363914,0.011709512266791976,0.021692421331454867
Rainer Semet,FDP,-0.39728084210033965,0.043138165035623774,-0.02789219021598595
Ralf Stegner,SPD,-0.8349035542083447,0.04294733444984165,-0.031199886795824333
Ralph Brinkhaus,CDU/CSU,0.9528889531033282,0.0293797401241787,0.05528083430159901
Ralph Edelhäußer,CDU/CSU,0.9835264642035199,0.029944538199245165,0.05367120458081025
Ralph Lenkert,DIE LINKE.,1.334065777054853,0.01290944893005532,0.002680380572807205
Rasha Nasr,SPD,-0.39939523335787774,0.04247667561414098,-0.03132502814133951
Rebecca Schamber,SPD,-1.2368471235893714,0.04303552748700219,-0.029536506491836312
Reem Alabali Radovan,SPD,-0.9869808855316343,0.04262596646307153,-0.03044764274401661
Reginald Hanke,FDP,-0.4693424267640185,0.0409814724065553,-0.022675184867028565
Reinhard Brandl,CDU/CSU,0.9431816842381342,0.029066578643367452,0.05247215580087135
Reinhard Houben,FDP,-0.4361591716910412,0.042476735808255256,-0.03040087620302489
Renata Alt,FDP,-0.059991854501966625,0.04240564668696652,-0.028400530904147875
Renate Künast,BÜNDNIS 90/DIE GRÜNEN,-1.5028688234545668,0.043122319505812544,-0.035397351645217665
René Bochmann,AfD,1.593819797233495,0.008976817887424231,0.03439406475067847
René Springer,AfD,1.5185417073483365,0.009034825017384188,0.022594365153785982
Ria Schröder,FDP,-0.20287823736173433,0.04251397552151256,-0.030316026039579277
Ricarda Lang,BÜNDNIS 90/DIE GRÜNEN,-0.7950998508075954,0.0431244515982317,-0.027845499159082916
Rita Hagl-Kehl,SPD,-1.487280128612661,0.043102048647241105,-0.03455259318626738
Rita Schwarzelühr-Sutter,SPD,-1.6468831843096778,0.04339206366882197,-0.03349707940903343
Robert Farle,fraktionslos,1.555122717890317,0.009214072204933709,0.029576220374156397
Robert Habeck,BÜNDNIS 90/DIE GRÜNEN,-1.5273920498998295,0.04296089252226279,-0.03317481631724203
Robin Mesarosch,SPD,-0.6530615198672174,0.042775181178785884,-0.03391348019049805
Robin Wagener,BÜNDNIS 90/DIE GRÜNEN,-1.4300128404426578,0.042295804378753424,-0.029537539399738324
Roderich Kiesewetter,CDU/CSU,0.9397968895319035,0.030604781826244112,0.04593195924506316
Roger Beckamp,AfD,1.449619817497053,0.013153111151954035,0.0281945427993244
Rolf Mützenich,SPD,-1.0522382172438507,0.0426311225939636,-0.028606159642110884
Ronja Kemmer,CDU/CSU,0.926573452478118,0.02937166316965998,0.04375060257003297
Rüdiger Lucassen,AfD,1.4468836014831847,0.010543861818058485,0.02793073859051731
Ruppert Stüwe,SPD,0.4610646856237402,0.03845360817149104,-0.036240768730166524
Sabine Dittmar,SPD,-1.0576183564737254,0.04304939585717293,-0.033230083963891745
Sabine Grützmacher,BÜNDNIS 90/DIE GRÜNEN,-0.2042841174279551,0.0402154020716767,-0.022467268946261165
Sabine Poschmann,SPD,-1.0240828365942944,0.04301669203712359,-0.034299570282755876
Sabine Weiss,CDU/CSU,0.9819409903656957,0.029349087864774394,0.04430814426232208
Sahra Wagenknecht,DIE LINKE.,1.3764281031447712,0.012146064839356449,0.006678270497544683
Sanae Abdi,SPD,-1.7185053515403508,0.04224979385883097,-0.030083384777362172
Sandra Bubendorfer-Licht,FDP,-0.4381526233381289,0.0427688857434611,-0.03019276553120319
Sandra Detzer,BÜNDNIS 90/DIE GRÜNEN,-0.8710644664997751,0.04311588413388431,-0.034460319864591644
Sandra Weeser,FDP,-0.3742205345533004,0.04288373752178033,-0.02355745514723405
Sara Nanni,BÜNDNIS 90/DIE GRÜNEN,-0.8989485732192203,0.04323447935373695,-0.033462173266096074
Sarah Lahrkamp,SPD,-0.9748886639753194,0.04275272300463279,-0.03188718811433066
Sarah Ryglewski,SPD,-1.162311861685024,0.042920511324249316,-0.025040122575097867
Sascha Müller,BÜNDNIS 90/DIE GRÜNEN,-0.9027849938124612,0.0431147375089829,-0.035399145606594073
Saskia Esken,SPD,-0.8514451769966517,0.043311302634200945,-0.030198130085103032
Saskia Weishaupt,BÜNDNIS 90/DIE GRÜNEN,-1.3588647374052685,0.042744318858840856,-0.0313768194439942
Schahina Gambir,BÜNDNIS 90/DIE GRÜNEN,-1.4472247033526844,0.04257142604875825,-0.031328729887634924
Sebastian Brehm,CDU/CSU,0.9242568747577707,0.030125379919727066,0.0510719519375893
Sebastian Fiedler,SPD,-0.5374299456434484,0.04283541630323658,-0.02864015728131138
Sebastian Hartmann,SPD,-0.4948103501803301,0.04290137355135041,-0.03166842413686592
Sebastian Münzenmaier,AfD,1.522029659515511,0.010972626701323434,0.03199230220986699
Sebastian Roloff,SPD,-1.1776828655790021,0.04334046657739141,-0.03416825717343641
Sebastian Schäfer,BÜNDNIS 90/DIE GRÜNEN,-1.3500603768963173,0.043226745664433144,-0.033255061281993674
Sepp Müller,CDU/CSU,0.9835499088240657,0.028631851246950883,0.057514857576088006
Serap Güler,CDU/CSU,0.9556867562234198,0.029143484126014106,0.05442395452496435
Sevim Dağdelen,DIE LINKE.,1.378083398009602,0.011043138016070413,0.009888366988855557
Siemtje Möller,SPD,-1.0607636882103246,0.04239178204799889,-0.0310205901779789
Silke Launert,CDU/CSU,0.9680596115224293,0.029582810768594533,0.05219384530477291
Silvia Breher,CDU/CSU,0.9845113311887806,0.028901732291735673,0.04882786649258146
Simona Koß,SPD,-1.2744275953217186,0.04297433355832412,-0.03230509286342844
Simone Borchardt,CDU/CSU,1.0020457220050643,0.02836848738494095,0.048344810673750134
Sonja Eichwede,SPD,-1.4266396483802706,0.04277214799827852,-0.03432523690688475
Sönke Rix,SPD,-1.004591914250583,0.04323282995776767,-0.034360864537615596
Sören Bartol,SPD,-0.824647153555568,0.04282834923068893,-0.034578555468833934
Sören Pellmann,DIE LINKE.,1.348795323610481,0.012129133752649951,0.0047108094250618545
Stefan Gelbhaar,BÜNDNIS 90/DIE GRÜNEN,-1.060867224661216,0.042748101315957535,-0.03315097209641593
Stefan Heck,CDU/CSU,0.9882639601968096,0.028866110587189808,0.04990444000487433
Stefan Kaufmann,CDU/CSU,0.8837196917494989,0.03695907293908459,0.010250847706339106
Stefan Keuter,AfD,1.5089717499290838,0.010892875648891449,0.03227541157355278
Stefan Müller,CDU/CSU,0.9459720969033212,0.028780851018111387,0.043942640782252906
Stefan Nacke,CDU/CSU,0.9755753765496479,0.029397471960510565,0.05766116239780367
Stefan Rouenhoff,CDU/CSU,0.9522871776080588,0.028792922521994883,0.05361957074719912
Stefan Schmidt,BÜNDNIS 90/DIE GRÜNEN,-0.9534324051962046,0.04309833228966592,-0.03536202845303954
Stefan Schwartze,SPD,-0.734895666695548,0.04297042332859397,-0.026307279830822337
Stefan Seidler,fraktionslos,0.540559496944496,0.038346397721169136,-0.01387227489843476
Stefan Wenzel,BÜNDNIS 90/DIE GRÜNEN,-0.6671738287348282,0.04240546690103844,-0.030440813362151216
Stefan Zierke,SPD,-1.428509907793014,0.04298618903188558,-0.030849489021662
Steffen Bilger,CDU/CSU,0.9502222749287987,0.030032758201332825,0.05566248971208757
Steffen Janich,AfD,1.7440511941474564,0.0068101962613438,0.031413162939424553
Steffen Kotré,AfD,1.5034130683538245,0.011716664447363637,0.03200925797141966
Steffi Lemke,BÜNDNIS 90/DIE GRÜNEN,-0.8332340943495243,0.041657185114919254,-0.02027411638960991
Stephan Albani,CDU/CSU,0.9694258308809344,0.029535734699645932,0.05614961684484916
Stephan Brandner,AfD,1.7192278799894247,0.008566797360685878,0.03247306262440036
Stephan Mayer,CDU/CSU,0.9702765454425832,0.03009893418543908,0.04984369787466258
Stephan Pilsinger,CDU/CSU,0.9590540281656439,0.028980063521217934,0.04730960567085106
Stephan Protschka,AfD,1.4788695517181243,0.012016391019095797,0.031194170490156905
Stephan Seiter,FDP,-0.2591173992262259,0.04280803820659773,-0.030931230465238768
Stephan Stracke,CDU/CSU,0.9315468583065427,0.029684364020774803,0.056677935059995355
Stephan Thomae,FDP,-0.16391953102890855,0.04291361719557048,-0.03125134463285092
Stephanie Aeffner,BÜNDNIS 90/DIE GRÜNEN,0.21257751224946633,0.04183452505021811,-0.02808351333914138
Susanne Ferschl,DIE LINKE.,1.3386360295878994,0.012933256546969439,0.002126898506004136
Susanne Hennig-Wellsow,DIE LINKE.,1.3018660633144101,0.01815677111314993,0.002249450453842424
Susanne Hierl,CDU/CSU,0.955776061694699,0.029051252084545842,0.05588875957482762
Susanne Menge,BÜNDNIS 90/DIE GRÜNEN,-0.13602731927402872,0.043078937919164555,-0.032066448436178646
Susanne Mittag,SPD,-1.195059557428557,0.04282615280135588,-0.03436858906692387
Sven Lehmann,BÜNDNIS 90/DIE GRÜNEN,-1.8495188516989987,0.042618847513106954,-0.030875183748732743
Sven-Christian Kindler,BÜNDNIS 90/DIE GRÜNEN,0.04236073235778346,0.04273947476890412,-0.02536002937981899
Svenja Schulze,SPD,-1.7621050980375494,0.04291802916773877,-0.033799663578059067
Svenja Stadler,SPD,-0.8626437371090021,0.04265213586789978,-0.03281845164638912
Swantje Michaelsen,BÜNDNIS 90/DIE GRÜNEN,0.07549230510123783,0.04252462173993284,-0.032037555788985386
Sylvia Lehmann,SPD,-2.0334017845639685,0.04317042423154705,-0.03227452539917669
Tabea Rößner,BÜNDNIS 90/DIE GRÜNEN,-0.6260801836736759,0.04255494557711574,-0.03315830088311059
Takis Mehmet Ali,SPD,-1.0703074940692343,0.043396815196803044,-0.031033038235844076
Tanja Machalet,SPD,-1.2811713711789887,0.04331228166465643,-0.03366585757234696
Tessa Ganserer,BÜNDNIS 90/DIE GRÜNEN,-0.3485169065855395,0.042735864085716245,-0.02228978603328279
Thomas Bareiß,CDU/CSU,0.9773987484181808,0.02968499279523988,0.04562754947700568
Thomas Dietz,AfD,1.6030801681861158,0.010921184919158061,0.030588849915086702
Thomas Ehrhorn,AfD,1.4488858533328839,0.010987870187595236,0.033012341268701194
Thomas Erndl,CDU/CSU,0.9604834196367925,0.030043800418127983,0.05273414115819361
Thomas Gebhart,CDU/CSU,0.9493944052987864,0.029613938821009992,0.051352018302624716
Thomas Hacker,FDP,-0.49232642457637543,0.04294814373914022,-0.03018345296041253
Thomas Heilmann,CDU/CSU,0.959391526229082,0.02950050768571545,0.04887994807755834
Thomas Hitschler,SPD,-1.0110354987423988,0.04265721379419018,-0.03317311883692247
Thomas Jarzombek,CDU/CSU,0.9901895514268457,0.029672798974637923,0.053226003673005
Thomas Lutze,DIE LINKE.,1.1713821544006882,0.023668442303569487,-0.006752251785998337
Thomas Rachel,CDU/CSU,0.9319557443189803,0.028740947307743944,0.054600312787328575
Thomas Röwekamp,CDU/CSU,0.9289033854951141,0.030069346698889686,0.052872246538229556
Thomas Sattelberger,FDP,-0.6998758296581398,0.03947629685343018,-0.007144101046225558
Thomas Seitz,AfD,1.571662764066244,0.008717363273905427,0.028090137878996353
Thomas Silberhorn,CDU/CSU,0.9657962730298411,0.029615012302221102,0.057780793018505326
Thorsten Frei,CDU/CSU,0.9470734873777699,0.028942280801653866,0.05846031995849294
Thorsten Lieb,FDP,-0.3074632944706261,0.04287780186943027,-0.03039100992977041
Thorsten Rudolph,SPD,-1.1935243098970352,0.043270341163122575,-0.034283375607837514
Till Mansmann,FDP,-0.2289515498243754,0.04298147925265708,-0.02818603684600679
Till Steffen,BÜNDNIS 90/DIE GRÜNEN,-0.9315297187977232,0.04322407725206181,-0.033204742698075225
Tilman Kuban,CDU/CSU,0.9600011731071387,0.030796246092172755,0.04883980803043129
Tim Klüssendorf,SPD,-1.1728361543390304,0.0432241572589661,-0.035690111898739524
Tim Wagner,FDP,-0.04103463079024567,0.04250211686587665,-0.004613653070994365
Timo Schisanowski,SPD,-0.9689770142096292,0.04293539811184686,-0.03299340963020606
Timon Gremmels,SPD,-0.996107264153009,0.042561092133312155,-0.023624947241173443
Tina Rudolph,SPD,-0.1497601603629835,0.04244448652170537,-0.03611994063481847
Tina Winklmann,BÜNDNIS 90/DIE GRÜNEN,-8.161231014004585e-4,0.04280712221816963,-0.033365011001988916
Tino Chrupalla,AfD,1.4829770576369312,0.010123455956444531,0.030405248723393806
Tino Sorge,CDU/CSU,0.941662335274034,0.029444256938727827,0.05214110715913951
Tobias B. Bacherle,BÜNDNIS 90/DIE GRÜNEN,-0.7867468982708457,0.043089022855585454,-0.03350475154247618
Tobias Lindner,BÜNDNIS 90/DIE GRÜNEN,-0.5887720802788989,0.0428929917804777,-0.028268556890711016
Tobias Matthias Peterka,AfD,1.4853240878541456,0.008964973843945689,0.032857237624975805
Tobias Winkler,CDU/CSU,0.9413773547465625,0.03012201426463905,0.05002859155423044
Torsten Herbst,FDP,-0.3388473422244511,0.04300122047029586,-0.03091713786284096
Udo Schiefner,SPD,-1.0225604001594308,0.04325194832786547,-0.02943879841307533
Uli Grötsch,SPD,-0.8037699844496576,0.042745473320748795,-0.026060493057018755
Ulle Schauws,BÜNDNIS 90/DIE GRÜNEN,-0.7027293119241665,0.042333723416400376,-0.024457533447919268
Ulrich Lange,CDU/CSU,0.9823532778468889,0.029263546784079043,0.054561169078880194
Ulrich Lechte,FDP,0.09639915618569568,0.04241886989951884,-0.027090295389792497
Ulrike Bahr,SPD,0.2919627892154081,0.04205575097378367,-0.03593521552204588
Ulrike Harzer,FDP,-0.33156604340448137,0.04284680208548796,-0.022938973680427247
Ulrike Schielke-Ziesing,AfD,1.5421876077714596,0.008822666510871028,0.0311705644408481
Ursula Groden-Kranich,CDU/CSU,-0.026729074483902472,0.05149954970147543,-1.277363638641472e-4
Uwe Feiler,CDU/CSU,0.9616549841929904,0.028835910196035094,0.05208107206376119
Uwe Kekeritz,BÜNDNIS 90/DIE GRÜNEN,1.0574731668449944,0.03270061877200554,-0.0017369548276746016
Uwe Schmidt,SPD,-0.8834581383923693,0.04197433363329159,-0.029413498404159726
Uwe Schulz,AfD,1.4941425044508112,0.013236442675776568,0.015919337215575775
Uwe Witt,fraktionslos,0.6246906323748848,0.05153586032408475,2.187874922256707e-4
Valentin Abel,FDP,-0.2322039614366201,0.042188584319846845,-0.030625968632268102
Verena Hubertz,SPD,-1.1702039217101712,0.043094270839352765,-0.03367004756699979
Victor Perli,DIE LINKE.,1.3416256675972633,0.013391876361609536,0.0067126116312424796
Volker Mayer-Lay,CDU/CSU,0.9562771351742422,0.02937241141737399,0.05607699471486521
Volker Münz,AfD,1.5574333737711608,0.0209797675614351,0.004200554769656578
Volker Redder,FDP,-0.09884676722687054,0.04234588984544929,-0.026999997206642475
Volker Ullrich,CDU/CSU,0.962189683967977,0.02955313019416622,0.057116104981459796
Volker Wissing,FDP,-0.4886002748651365,0.04301632458266276,-0.02436750417096339
Volkmar Klein,CDU/CSU,0.9427223592289913,0.029545156532673474,0.05486124028715354
Wiebke Esdar,SPD,-1.7096356514204345,0.04285605625499068,-0.030673681444758967
Wiebke Papenbrock,SPD,-0.9397172504342123,0.042795583529017966,-0.029151735479490376
Wilfried Oellers,CDU/CSU,0.9385673727890899,0.029507398810449403,0.056069654982472295
Wolfgang Hellmich,SPD,-1.2354669889294023,0.043236216011352385,-0.031112013865752748
Wolfgang Kubicki,FDP,0.26833411312205946,0.041451957945752155,-0.016872139224436065
Wolfgang Schäuble,CDU/CSU,0.9292492957970065,0.029041352753341777,0.034689634691570444
Wolfgang Stefinger,CDU/CSU,0.9534160762838825,0.02804622350368717,0.05469663845865359
Wolfgang Strengmann-Kuhn,BÜNDNIS 90/DIE GRÜNEN,0.04763876956982908,0.041638746634051003,-0.030267237789667393
Wolfgang Wiehle,AfD,1.4904439014373472,0.009414253431285177,0.034765919283626774
Yannick Bury,CDU/CSU,0.9583694922855991,0.029206568710416787,0.05176169976768056
Yasmin Fahimi,SPD,-0.7339174056707757,0.03228708003352129,-0.002274607392264448
Ye-One Rhie,SPD,-0.2577513912219362,0.04284892394264623,-0.03439385720961651
Yvonne Magwas,CDU/CSU,0.987908788714109,0.02865554773187117,0.047984167383309996
Zaklin Nastić,DIE LINKE.,1.3755205550886593,0.013490236252598828,0.007192274118717807
Zanda Martens,SPD,-1.0164554478684,0.04325057047326241,-0.035633691572459124
Zoe Mayer,BÜNDNIS 90/DIE GRÜNEN,-1.1362701364678582,0.042784878238925954,-0.03093079034714878
